incident_id,timestamp,machine_id,operator_id,incident_type,severity,description,location,resolved,resolution,created_at
INC0001,2026-09-14 18:45:47,DOZ015,OP040,Overheating,Critical,Overheating event logged during excavation operations at Site Delta - Highway Interchange.,Site Delta - Highway Interchange,False,,2026-09-14 18:45:47
INC0002,2026-08-27 20:45:47,WHE038,OP046,Proximity Hazard,Low,Proximity Hazard event logged during excavation operations at Site Gamma - River Basin Basin Prep.,Site Gamma - River Basin Basin Prep,False,,2026-08-27 20:45:47
INC0003,2026-09-09 07:45:47,DUM041,OP008,Proximity Hazard,High,Proximity Hazard event logged during excavation operations at Site Alpha - Sector 4 Foundation.,Site Alpha - Sector 4 Foundation,True,Operator briefed and cleared for shift resumption.,2026-09-09 07:45:47
INC0004,2026-09-22 18:45:47,DUM047,OP051,Mechanical Anomaly,Critical,Mechanical Anomaly event logged during excavation operations at Site Delta - Highway Interchange.,Site Delta - Highway Interchange,True,Operator briefed and cleared for shift resumption.,2026-09-22 18:45:47
INC0005,2026-08-13 19:45:47,DOZ033,OP098,Overheating,Critical,Overheating event logged during excavation operations at Site Beta - East Trenching Zone.,Site Beta - East Trenching Zone,False,,2026-08-13 19:45:47
INC0006,2026-08-29 13:45:47,WHE050,OP053,Mechanical Anomaly,High,Mechanical Anomaly event logged during excavation operations at Site Alpha - Sector 1 Quarry.,Site Alpha - Sector 1 Quarry,True,Operator briefed and cleared for shift resumption.,2026-08-29 13:45:47
INC0007,2026-08-30 14:45:47,GRA010,OP076,Mechanical Anomaly,Medium,Mechanical Anomaly event logged during excavation operations at Site Beta - East Trenching Zone.,Site Beta - East Trenching Zone,True,Operator briefed and cleared for shift resumption.,2026-08-30 14:45:47
INC0008,2026-09-12 19:45:47,DUM035,OP085,Mechanical Anomaly,Medium,Mechanical Anomaly event logged during excavation operations at Site Beta - North Overpass.,Site Beta - North Overpass,True,Operator briefed and cleared for shift resumption.,2026-09-12 19:45:47
INC0009,2026-09-15 19:45:47,GRA046,OP069,Proximity Hazard,Low,Proximity Hazard event logged during excavation operations at Site Gamma - River Basin Basin Prep.,Site Gamma - River Basin Basin Prep,True,Operator briefed and cleared for shift resumption.,2026-09-15 19:45:47
INC0010,2026-09-10 10:45:47,GRA010,OP032,Proximity Hazard,High,Proximity Hazard event logged during excavation operations at Site Beta - East Trenching Zone.,Site Beta - East Trenching Zone,True,Operator briefed and cleared for shift resumption.,2026-09-10 10:45:47
INC0011,2026-08-26 18:45:47,DOZ033,OP066,Excessive Idling,High,Excessive Idling event logged during excavation operations at Site Beta - East Trenching Zone.,Site Beta - East Trenching Zone,True,Operator briefed and cleared for shift resumption.,2026-08-26 18:45:47
INC0012,2026-08-22 22:45:47,WHE020,OP088,Mechanical Anomaly,Critical,Mechanical Anomaly event logged during excavation operations at Site Alpha - Sector 4 Foundation.,Site Alpha - Sector 4 Foundation,True,Operator briefed and cleared for shift resumption.,2026-08-22 22:45:47
INC0013,2026-08-14 23:45:47,WHE032,OP065,Mechanical Anomaly,Low,Mechanical Anomaly event logged during excavation operations at Site Beta - East Trenching Zone.,Site Beta - East Trenching Zone,True,Operator briefed and cleared for shift resumption.,2026-08-14 23:45:47
INC0014,2026-08-24 03:45:47,DOZ021,OP071,Overheating,Medium,Overheating event logged during excavation operations at Site Gamma - River Basin Basin Prep.,Site Gamma - River Basin Basin Prep,True,Operator briefed and cleared for shift resumption.,2026-08-24 03:45:47
INC0015,2026-08-17 20:45:47,COM018,OP074,Mechanical Anomaly,High,Mechanical Anomaly event logged during excavation operations at Site Gamma - River Basin Basin Prep.,Site Gamma - River Basin Basin Prep,False,,2026-08-17 20:45:47
INC0016,2026-08-31 15:45:47,GRA010,OP011,Overheating,Medium,Overheating event logged during excavation operations at Site Beta - East Trenching Zone.,Site Beta - East Trenching Zone,True,Operator briefed and cleared for shift resumption.,2026-08-31 15:45:47
INC0017,2026-08-31 14:45:47,COM006,OP062,Proximity Hazard,High,Proximity Hazard event logged during excavation operations at Site Beta - North Overpass.,Site Beta - North Overpass,True,Operator briefed and cleared for shift resumption.,2026-08-31 14:45:47
INC0018,2026-08-21 13:45:47,GRA046,OP043,Other,Medium,Other event logged during excavation operations at Site Gamma - River Basin Basin Prep.,Site Gamma - River Basin Basin Prep,True,Operator briefed and cleared for shift resumption.,2026-08-21 13:45:47
INC0019,2026-09-06 09:45:47,WHE032,OP036,Fatigue,Critical,Fatigue event logged during excavation operations at Site Beta - East Trenching Zone.,Site Beta - East Trenching Zone,True,Operator briefed and cleared for shift resumption.,2026-09-06 09:45:47
INC0020,2026-08-20 23:45:47,DUM005,OP091,Mechanical Anomaly,High,Mechanical Anomaly event logged during excavation operations at Site Beta - North Overpass.,Site Beta - North Overpass,True,Operator briefed and cleared for shift resumption.,2026-08-20 23:45:47
INC0021,2026-09-03 08:45:47,DUM011,OP055,Mechanical Anomaly,Critical,Mechanical Anomaly event logged during excavation operations at Site Delta - Highway Interchange.,Site Delta - Highway Interchange,True,Operator briefed and cleared for shift resumption.,2026-09-03 08:45:47
INC0022,2026-08-14 16:45:47,COM048,OP084,Other,Low,Other event logged during excavation operations at Site Delta - Highway Interchange.,Site Delta - Highway Interchange,True,Operator briefed and cleared for shift resumption.,2026-08-14 16:45:47
INC0023,2026-09-09 03:45:47,GRA028,OP033,Excessive Idling,High,Excessive Idling event logged during excavation operations at Site Gamma - River Basin Basin Prep.,Site Gamma - River Basin Basin Prep,True,Operator briefed and cleared for shift resumption.,2026-09-09 03:45:47
INC0024,2026-09-19 00:45:47,DOZ027,OP046,Fatigue,High,Fatigue event logged during excavation operations at Site Gamma - River Basin Basin Prep.,Site Gamma - River Basin Basin Prep,True,Operator briefed and cleared for shift resumption.,2026-09-19 00:45:47
INC0025,2026-09-15 16:45:47,COM042,OP056,Other,High,Other event logged during excavation operations at Site Alpha - Sector 1 Quarry.,Site Alpha - Sector 1 Quarry,True,Operator briefed and cleared for shift resumption.,2026-09-15 16:45:47
INC0026,2026-09-08 11:45:47,DUM029,OP068,Excessive Idling,Critical,Excessive Idling event logged during excavation operations at Site Beta - North Overpass.,Site Beta - North Overpass,True,Operator briefed and cleared for shift resumption.,2026-09-08 11:45:47
INC0027,2026-08-31 19:45:47,GRA004,OP073,Other,Medium,Other event logged during excavation operations at Site Beta - North Overpass.,Site Beta - North Overpass,True,Operator briefed and cleared for shift resumption.,2026-08-31 19:45:47
INC0028,2026-08-29 05:45:47,COM012,OP008,Other,Low,Other event logged during excavation operations at Site Alpha - Sector 4 Foundation.,Site Alpha - Sector 4 Foundation,True,Operator briefed and cleared for shift resumption.,2026-08-29 05:45:47
INC0029,2026-08-17 20:45:47,DOZ003,OP011,Other,High,Other event logged during excavation operations at Site Alpha - Sector 4 Foundation.,Site Alpha - Sector 4 Foundation,True,Operator briefed and cleared for shift resumption.,2026-08-17 20:45:47
INC0030,2026-09-06 07:45:47,DUM041,OP020,Mechanical Anomaly,Medium,Mechanical Anomaly event logged during excavation operations at Site Alpha - Sector 4 Foundation.,Site Alpha - Sector 4 Foundation,True,Operator briefed and cleared for shift resumption.,2026-09-06 07:45:47
INC0031,2026-09-03 14:45:47,GRA034,OP036,Proximity Hazard,Medium,Proximity Hazard event logged during excavation operations at Site Alpha - Sector 4 Foundation.,Site Alpha - Sector 4 Foundation,False,,2026-09-03 14:45:47
INC0032,2026-08-27 18:45:47,DUM011,OP062,Fatigue,Critical,Fatigue event logged during excavation operations at Site Delta - Highway Interchange.,Site Delta - Highway Interchange,True,Operator briefed and cleared for shift resumption.,2026-08-27 18:45:47
INC0033,2026-08-26 15:45:47,EXC037,OP081,Seatbelt Violation,High,Seatbelt Violation event logged during excavation operations at Site Beta - North Overpass.,Site Beta - North Overpass,True,Operator briefed and cleared for shift resumption.,2026-08-26 15:45:47
INC0034,2026-09-06 11:45:47,GRA004,OP011,Mechanical Anomaly,Low,Mechanical Anomaly event logged during excavation operations at Site Beta - North Overpass.,Site Beta - North Overpass,True,Operator briefed and cleared for shift resumption.,2026-09-06 11:45:47
INC0035,2026-08-19 11:45:47,WHE014,OP026,Other,High,Other event logged during excavation operations at Site Alpha - Sector 1 Quarry.,Site Alpha - Sector 1 Quarry,False,,2026-08-19 11:45:47
INC0036,2026-09-08 00:45:47,GRA022,OP029,Seatbelt Violation,Critical,Seatbelt Violation event logged during excavation operations at Site Alpha - Sector 4 Foundation.,Site Alpha - Sector 4 Foundation,False,,2026-09-08 00:45:47
INC0037,2026-08-23 08:45:47,GRA034,OP052,Other,Critical,Other event logged during excavation operations at Site Alpha - Sector 4 Foundation.,Site Alpha - Sector 4 Foundation,True,Operator briefed and cleared for shift resumption.,2026-08-23 08:45:47
INC0038,2026-08-28 11:45:47,DOZ021,OP034,Overheating,High,Overheating event logged during excavation operations at Site Gamma - River Basin Basin Prep.,Site Gamma - River Basin Basin Prep,True,Operator briefed and cleared for shift resumption.,2026-08-28 11:45:47
INC0039,2026-08-29 10:45:47,GRA016,OP075,Overheating,Medium,Overheating event logged during excavation operations at Site Delta - Highway Interchange.,Site Delta - Highway Interchange,True,Operator briefed and cleared for shift resumption.,2026-08-29 10:45:47
INC0040,2026-08-28 15:45:47,GRA028,OP063,Fatigue,High,Fatigue event logged during excavation operations at Site Gamma - River Basin Basin Prep.,Site Gamma - River Basin Basin Prep,True,Operator briefed and cleared for shift resumption.,2026-08-28 15:45:47
INC0041,2026-09-19 15:45:47,DOZ009,OP064,Mechanical Anomaly,Medium,Mechanical Anomaly event logged during excavation operations at Site Beta - East Trenching Zone.,Site Beta - East Trenching Zone,True,Operator briefed and cleared for shift resumption.,2026-09-19 15:45:47
INC0042,2026-08-10 02:45:47,COM048,OP027,Overheating,Critical,Overheating event logged during excavation operations at Site Delta - Highway Interchange.,Site Delta - Highway Interchange,False,,2026-08-10 02:45:47
INC0043,2026-08-15 13:45:47,EXC037,OP009,Fatigue,Low,Fatigue event logged during excavation operations at Site Beta - North Overpass.,Site Beta - North Overpass,True,Operator briefed and cleared for shift resumption.,2026-08-15 13:45:47
INC0044,2026-08-27 21:45:47,GRA046,OP068,Proximity Hazard,High,Proximity Hazard event logged during excavation operations at Site Gamma - River Basin Basin Prep.,Site Gamma - River Basin Basin Prep,True,Operator briefed and cleared for shift resumption.,2026-08-27 21:45:47
INC0045,2026-08-22 00:45:47,DUM041,OP088,Mechanical Anomaly,Medium,Mechanical Anomaly event logged during excavation operations at Site Alpha - Sector 4 Foundation.,Site Alpha - Sector 4 Foundation,True,Operator briefed and cleared for shift resumption.,2026-08-22 00:45:47
INC0046,2026-09-01 01:45:47,DOZ003,OP022,Mechanical Anomaly,Low,Mechanical Anomaly event logged during excavation operations at Site Alpha - Sector 4 Foundation.,Site Alpha - Sector 4 Foundation,True,Operator briefed and cleared for shift resumption.,2026-09-01 01:45:47
INC0047,2026-08-19 04:45:47,COM042,OP085,Mechanical Anomaly,Medium,Mechanical Anomaly event logged during excavation operations at Site Alpha - Sector 1 Quarry.,Site Alpha - Sector 1 Quarry,True,Operator briefed and cleared for shift resumption.,2026-08-19 04:45:47
INC0048,2026-08-25 01:45:47,WHE002,OP087,Other,Critical,Other event logged during excavation operations at Site Alpha - Sector 1 Quarry.,Site Alpha - Sector 1 Quarry,True,Operator briefed and cleared for shift resumption.,2026-08-25 01:45:47
INC0049,2026-09-18 06:45:47,DOZ021,OP071,Other,Medium,Other event logged during excavation operations at Site Gamma - River Basin Basin Prep.,Site Gamma - River Basin Basin Prep,True,Operator briefed and cleared for shift resumption.,2026-09-18 06:45:47
INC0050,2026-09-09 16:45:47,COM012,OP054,Excessive Idling,High,Excessive Idling event logged during excavation operations at Site Alpha - Sector 4 Foundation.,Site Alpha - Sector 4 Foundation,False,,2026-09-09 16:45:47
INC0051,2026-09-04 23:45:47,WHE026,OP062,Overheating,High,Overheating event logged during excavation operations at Site Gamma - River Basin Basin Prep.,Site Gamma - River Basin Basin Prep,True,Operator briefed and cleared for shift resumption.,2026-09-04 23:45:47
INC0052,2026-08-24 01:45:47,DUM029,OP072,Seatbelt Violation,Low,Seatbelt Violation event logged during excavation operations at Site Beta - North Overpass.,Site Beta - North Overpass,True,Operator briefed and cleared for shift resumption.,2026-08-24 01:45:47
INC0053,2026-08-15 19:45:47,EXC043,OP073,Seatbelt Violation,Low,Seatbelt Violation event logged during excavation operations at Site Beta - East Trenching Zone.,Site Beta - East Trenching Zone,True,Operator briefed and cleared for shift resumption.,2026-08-15 19:45:47
INC0054,2026-08-31 09:45:47,COM030,OP062,Seatbelt Violation,High,Seatbelt Violation event logged during excavation operations at Site Beta - East Trenching Zone.,Site Beta - East Trenching Zone,False,,2026-08-31 09:45:47
INC0055,2026-09-04 08:45:47,EXC037,OP087,Proximity Hazard,High,Proximity Hazard event logged during excavation operations at Site Beta - North Overpass.,Site Beta - North Overpass,True,Operator briefed and cleared for shift resumption.,2026-09-04 08:45:47
INC0056,2026-09-02 05:45:47,WHE020,OP078,Other,Medium,Other event logged during excavation operations at Site Alpha - Sector 4 Foundation.,Site Alpha - Sector 4 Foundation,True,Operator briefed and cleared for shift resumption.,2026-09-02 05:45:47
INC0057,2026-08-14 18:45:47,EXC007,OP055,Mechanical Anomaly,High,Mechanical Anomaly event logged during excavation operations at Site Alpha - Sector 4 Foundation.,Site Alpha - Sector 4 Foundation,True,Operator briefed and cleared for shift resumption.,2026-08-14 18:45:47
INC0058,2026-08-20 15:45:47,GRA034,OP098,Proximity Hazard,Medium,Proximity Hazard event logged during excavation operations at Site Alpha - Sector 4 Foundation.,Site Alpha - Sector 4 Foundation,True,Operator briefed and cleared for shift resumption.,2026-08-20 15:45:47
INC0059,2026-09-05 21:45:47,EXC043,OP074,Overheating,Critical,Overheating event logged during excavation operations at Site Beta - East Trenching Zone.,Site Beta - East Trenching Zone,False,,2026-09-05 21:45:47
INC0060,2026-09-02 17:45:47,GRA028,OP045,Excessive Idling,Critical,Excessive Idling event logged during excavation operations at Site Gamma - River Basin Basin Prep.,Site Gamma - River Basin Basin Prep,False,,2026-09-02 17:45:47
INC0061,2026-09-03 02:45:47,EXC031,OP003,Seatbelt Violation,High,Seatbelt Violation event logged during excavation operations at Site Delta - Highway Interchange.,Site Delta - Highway Interchange,True,Operator briefed and cleared for shift resumption.,2026-09-03 02:45:47
INC0062,2026-08-14 02:45:47,GRA040,OP034,Mechanical Anomaly,Medium,Mechanical Anomaly event logged during excavation operations at Site Gamma - River Basin Basin Prep.,Site Gamma - River Basin Basin Prep,True,Operator briefed and cleared for shift resumption.,2026-08-14 02:45:47
INC0063,2026-08-11 20:45:47,WHE050,OP056,Proximity Hazard,Critical,Proximity Hazard event logged during excavation operations at Site Alpha - Sector 1 Quarry.,Site Alpha - Sector 1 Quarry,False,,2026-08-11 20:45:47
INC0064,2026-09-14 11:45:47,GRA022,OP053,Seatbelt Violation,Medium,Seatbelt Violation event logged during excavation operations at Site Alpha - Sector 4 Foundation.,Site Alpha - Sector 4 Foundation,True,Operator briefed and cleared for shift resumption.,2026-09-14 11:45:47
INC0065,2026-08-22 23:45:47,WHE038,OP035,Other,Low,Other event logged during excavation operations at Site Gamma - River Basin Basin Prep.,Site Gamma - River Basin Basin Prep,True,Operator briefed and cleared for shift resumption.,2026-08-22 23:45:47
INC0066,2026-09-01 05:45:47,GRA016,OP039,Mechanical Anomaly,Low,Mechanical Anomaly event logged during excavation operations at Site Delta - Highway Interchange.,Site Delta - Highway Interchange,False,,2026-09-01 05:45:47
INC0067,2026-09-16 10:45:47,WHE038,OP060,Overheating,Critical,Overheating event logged during excavation operations at Site Gamma - River Basin Basin Prep.,Site Gamma - River Basin Basin Prep,False,,2026-09-16 10:45:47
INC0068,2026-09-01 15:45:47,GRA004,OP015,Mechanical Anomaly,Low,Mechanical Anomaly event logged during excavation operations at Site Beta - North Overpass.,Site Beta - North Overpass,False,,2026-09-01 15:45:47
INC0069,2026-09-04 16:45:47,COM030,OP059,Overheating,Medium,Overheating event logged during excavation operations at Site Beta - East Trenching Zone.,Site Beta - East Trenching Zone,True,Operator briefed and cleared for shift resumption.,2026-09-04 16:45:47
INC0070,2026-08-12 03:45:47,GRA016,OP085,Overheating,Low,Overheating event logged during excavation operations at Site Delta - Highway Interchange.,Site Delta - Highway Interchange,True,Operator briefed and cleared for shift resumption.,2026-08-12 03:45:47
INC0071,2026-09-12 00:45:47,DUM035,OP062,Mechanical Anomaly,Medium,Mechanical Anomaly event logged during excavation operations at Site Beta - North Overpass.,Site Beta - North Overpass,True,Operator briefed and cleared for shift resumption.,2026-09-12 00:45:47
INC0072,2026-08-29 03:45:47,COM030,OP065,Overheating,High,Overheating event logged during excavation operations at Site Beta - East Trenching Zone.,Site Beta - East Trenching Zone,True,Operator briefed and cleared for shift resumption.,2026-08-29 03:45:47
INC0073,2026-08-12 15:45:47,DOZ015,OP044,Seatbelt Violation,High,Seatbelt Violation event logged during excavation operations at Site Delta - Highway Interchange.,Site Delta - Highway Interchange,False,,2026-08-12 15:45:47
INC0074,2026-08-20 01:45:47,WHE020,OP013,Excessive Idling,Critical,Excessive Idling event logged during excavation operations at Site Alpha - Sector 4 Foundation.,Site Alpha - Sector 4 Foundation,True,Operator briefed and cleared for shift resumption.,2026-08-20 01:45:47
INC0075,2026-08-14 14:45:47,COM024,OP060,Mechanical Anomaly,Medium,Mechanical Anomaly event logged during excavation operations at Site Delta - Highway Interchange.,Site Delta - Highway Interchange,True,Operator briefed and cleared for shift resumption.,2026-08-14 14:45:47
INC0076,2026-08-20 00:45:47,GRA010,OP031,Overheating,Medium,Overheating event logged during excavation operations at Site Beta - East Trenching Zone.,Site Beta - East Trenching Zone,True,Operator briefed and cleared for shift resumption.,2026-08-20 00:45:47
INC0077,2026-08-10 17:45:47,DUM023,OP071,Overheating,Low,Overheating event logged during excavation operations at Site Gamma - River Basin Basin Prep.,Site Gamma - River Basin Basin Prep,False,,2026-08-10 17:45:47
INC0078,2026-08-23 00:45:47,DUM023,OP063,Other,High,Other event logged during excavation operations at Site Gamma - River Basin Basin Prep.,Site Gamma - River Basin Basin Prep,True,Operator briefed and cleared for shift resumption.,2026-08-23 00:45:47
INC0079,2026-08-29 10:45:47,EXC007,OP084,Fatigue,Critical,Fatigue event logged during excavation operations at Site Alpha - Sector 4 Foundation.,Site Alpha - Sector 4 Foundation,False,,2026-08-29 10:45:47
INC0080,2026-08-13 15:45:47,GRA034,OP099,Proximity Hazard,High,Proximity Hazard event logged during excavation operations at Site Alpha - Sector 4 Foundation.,Site Alpha - Sector 4 Foundation,True,Operator briefed and cleared for shift resumption.,2026-08-13 15:45:47
INC0081,2026-09-13 04:45:47,WHE050,OP025,Seatbelt Violation,Critical,Seatbelt Violation event logged during excavation operations at Site Alpha - Sector 1 Quarry.,Site Alpha - Sector 1 Quarry,True,Operator briefed and cleared for shift resumption.,2026-09-13 04:45:47
INC0082,2026-08-26 11:45:47,COM048,OP095,Proximity Hazard,High,Proximity Hazard event logged during excavation operations at Site Delta - Highway Interchange.,Site Delta - Highway Interchange,True,Operator briefed and cleared for shift resumption.,2026-08-26 11:45:47
INC0083,2026-09-06 23:45:47,WHE002,OP060,Overheating,Low,Overheating event logged during excavation operations at Site Alpha - Sector 1 Quarry.,Site Alpha - Sector 1 Quarry,True,Operator briefed and cleared for shift resumption.,2026-09-06 23:45:47
INC0084,2026-09-06 20:45:47,WHE038,OP057,Other,Low,Other event logged during excavation operations at Site Gamma - River Basin Basin Prep.,Site Gamma - River Basin Basin Prep,True,Operator briefed and cleared for shift resumption.,2026-09-06 20:45:47
INC0085,2026-09-05 08:45:47,WHE038,OP063,Mechanical Anomaly,Medium,Mechanical Anomaly event logged during excavation operations at Site Gamma - River Basin Basin Prep.,Site Gamma - River Basin Basin Prep,True,Operator briefed and cleared for shift resumption.,2026-09-05 08:45:47
INC0086,2026-08-18 01:45:47,DUM023,OP092,Fatigue,High,Fatigue event logged during excavation operations at Site Gamma - River Basin Basin Prep.,Site Gamma - River Basin Basin Prep,True,Operator briefed and cleared for shift resumption.,2026-08-18 01:45:47
INC0087,2026-08-23 02:45:47,GRA034,OP092,Seatbelt Violation,Medium,Seatbelt Violation event logged during excavation operations at Site Alpha - Sector 4 Foundation.,Site Alpha - Sector 4 Foundation,False,,2026-08-23 02:45:47
INC0088,2026-09-21 08:45:47,GRA046,OP099,Overheating,Critical,Overheating event logged during excavation operations at Site Gamma - River Basin Basin Prep.,Site Gamma - River Basin Basin Prep,True,Operator briefed and cleared for shift resumption.,2026-09-21 08:45:47
INC0089,2026-09-17 11:45:47,WHE002,OP025,Excessive Idling,Critical,Excessive Idling event logged during excavation operations at Site Alpha - Sector 1 Quarry.,Site Alpha - Sector 1 Quarry,True,Operator briefed and cleared for shift resumption.,2026-09-17 11:45:47
INC0090,2026-08-12 10:45:47,COM030,OP045,Seatbelt Violation,Low,Seatbelt Violation event logged during excavation operations at Site Beta - East Trenching Zone.,Site Beta - East Trenching Zone,True,Operator briefed and cleared for shift resumption.,2026-08-12 10:45:47
INC0091,2026-08-29 21:45:47,EXC007,OP057,Other,Low,Other event logged during excavation operations at Site Alpha - Sector 4 Foundation.,Site Alpha - Sector 4 Foundation,False,,2026-08-29 21:45:47
INC0092,2026-08-22 18:45:47,COM042,OP035,Fatigue,Low,Fatigue event logged during excavation operations at Site Alpha - Sector 1 Quarry.,Site Alpha - Sector 1 Quarry,True,Operator briefed and cleared for shift resumption.,2026-08-22 18:45:47
INC0093,2026-08-21 01:45:47,DOZ045,OP077,Excessive Idling,Medium,Excessive Idling event logged during excavation operations at Site Gamma - River Basin Basin Prep.,Site Gamma - River Basin Basin Prep,True,Operator briefed and cleared for shift resumption.,2026-08-21 01:45:47
INC0094,2026-08-09 07:45:47,WHE044,OP013,Overheating,Critical,Overheating event logged during excavation operations at Site Alpha - Sector 4 Foundation.,Site Alpha - Sector 4 Foundation,True,Operator briefed and cleared for shift resumption.,2026-08-09 07:45:47
INC0095,2026-08-11 18:45:47,COM048,OP047,Seatbelt Violation,Medium,Seatbelt Violation event logged during excavation operations at Site Delta - Highway Interchange.,Site Delta - Highway Interchange,True,Operator briefed and cleared for shift resumption.,2026-08-11 18:45:47
INC0096,2026-08-28 14:45:47,WHE038,OP055,Other,Critical,Other event logged during excavation operations at Site Gamma - River Basin Basin Prep.,Site Gamma - River Basin Basin Prep,True,Operator briefed and cleared for shift resumption.,2026-08-28 14:45:47
INC0097,2026-08-23 04:45:47,DUM023,OP026,Proximity Hazard,Critical,Proximity Hazard event logged during excavation operations at Site Gamma - River Basin Basin Prep.,Site Gamma - River Basin Basin Prep,True,Operator briefed and cleared for shift resumption.,2026-08-23 04:45:47
INC0098,2026-09-20 20:45:47,WHE044,OP046,Overheating,Critical,Overheating event logged during excavation operations at Site Alpha - Sector 4 Foundation.,Site Alpha - Sector 4 Foundation,True,Operator briefed and cleared for shift resumption.,2026-09-20 20:45:47
INC0099,2026-08-19 18:45:47,COM030,OP017,Seatbelt Violation,Medium,Seatbelt Violation event logged during excavation operations at Site Beta - East Trenching Zone.,Site Beta - East Trenching Zone,True,Operator briefed and cleared for shift resumption.,2026-08-19 18:45:47
INC0100,2026-09-10 04:45:47,COM018,OP100,Proximity Hazard,Low,Proximity Hazard event logged during excavation operations at Site Gamma - River Basin Basin Prep.,Site Gamma - River Basin Basin Prep,True,Operator briefed and cleared for shift resumption.,2026-09-10 04:45:47
INC0101,2026-08-15 11:45:47,DUM023,OP014,Other,Medium,Other event logged during excavation operations at Site Gamma - River Basin Basin Prep.,Site Gamma - River Basin Basin Prep,True,Operator briefed and cleared for shift resumption.,2026-08-15 11:45:47
INC0102,2026-08-15 21:45:47,COM018,OP025,Seatbelt Violation,Low,Seatbelt Violation event logged during excavation operations at Site Gamma - River Basin Basin Prep.,Site Gamma - River Basin Basin Prep,True,Operator briefed and cleared for shift resumption.,2026-08-15 21:45:47
INC0103,2026-08-14 02:45:47,WHE020,OP022,Other,Critical,Other event logged during excavation operations at Site Alpha - Sector 4 Foundation.,Site Alpha - Sector 4 Foundation,True,Operator briefed and cleared for shift resumption.,2026-08-14 02:45:47
INC0104,2026-08-11 04:45:47,DOZ015,OP056,Fatigue,Critical,Fatigue event logged during excavation operations at Site Delta - Highway Interchange.,Site Delta - Highway Interchange,True,Operator briefed and cleared for shift resumption.,2026-08-11 04:45:47
INC0105,2026-08-26 09:45:47,EXC031,OP092,Overheating,Critical,Overheating event logged during excavation operations at Site Delta - Highway Interchange.,Site Delta - Highway Interchange,False,,2026-08-26 09:45:47
INC0106,2026-09-10 13:45:47,COM018,OP067,Mechanical Anomaly,Low,Mechanical Anomaly event logged during excavation operations at Site Gamma - River Basin Basin Prep.,Site Gamma - River Basin Basin Prep,True,Operator briefed and cleared for shift resumption.,2026-09-10 13:45:47
INC0107,2026-08-24 14:45:47,EXC043,OP002,Other,Low,Other event logged during excavation operations at Site Beta - East Trenching Zone.,Site Beta - East Trenching Zone,True,Operator briefed and cleared for shift resumption.,2026-08-24 14:45:47
INC0108,2026-08-30 18:45:47,DOZ015,OP047,Mechanical Anomaly,Critical,Mechanical Anomaly event logged during excavation operations at Site Delta - Highway Interchange.,Site Delta - Highway Interchange,True,Operator briefed and cleared for shift resumption.,2026-08-30 18:45:47
INC0109,2026-08-22 06:45:47,GRA010,OP050,Other,Low,Other event logged during excavation operations at Site Beta - East Trenching Zone.,Site Beta - East Trenching Zone,False,,2026-08-22 06:45:47
INC0110,2026-09-07 20:45:47,GRA022,OP024,Other,Critical,Other event logged during excavation operations at Site Alpha - Sector 4 Foundation.,Site Alpha - Sector 4 Foundation,True,Operator briefed and cleared for shift resumption.,2026-09-07 20:45:47
INC0111,2026-09-13 19:45:47,WHE038,OP034,Other,Low,Other event logged during excavation operations at Site Gamma - River Basin Basin Prep.,Site Gamma - River Basin Basin Prep,True,Operator briefed and cleared for shift resumption.,2026-09-13 19:45:47
INC0112,2026-08-26 17:45:47,EXC049,OP067,Other,Critical,Other event logged during excavation operations at Site Alpha - Sector 4 Foundation.,Site Alpha - Sector 4 Foundation,True,Operator briefed and cleared for shift resumption.,2026-08-26 17:45:47
INC0113,2026-09-11 06:45:47,COM006,OP017,Seatbelt Violation,Medium,Seatbelt Violation event logged during excavation operations at Site Beta - North Overpass.,Site Beta - North Overpass,True,Operator briefed and cleared for shift resumption.,2026-09-11 06:45:47
INC0114,2026-09-03 06:45:47,DUM017,OP081,Seatbelt Violation,Medium,Seatbelt Violation event logged during excavation operations at Site Alpha - Sector 1 Quarry.,Site Alpha - Sector 1 Quarry,True,Operator briefed and cleared for shift resumption.,2026-09-03 06:45:47
INC0115,2026-08-16 20:45:47,EXC025,OP011,Other,Low,Other event logged during excavation operations at Site Beta - North Overpass.,Site Beta - North Overpass,True,Operator briefed and cleared for shift resumption.,2026-08-16 20:45:47
INC0116,2026-09-01 16:45:47,COM042,OP070,Other,Medium,Other event logged during excavation operations at Site Alpha - Sector 1 Quarry.,Site Alpha - Sector 1 Quarry,True,Operator briefed and cleared for shift resumption.,2026-09-01 16:45:47
INC0117,2026-08-26 03:45:47,WHE020,OP051,Other,High,Other event logged during excavation operations at Site Alpha - Sector 4 Foundation.,Site Alpha - Sector 4 Foundation,True,Operator briefed and cleared for shift resumption.,2026-08-26 03:45:47
INC0118,2026-08-30 13:45:47,DUM041,OP035,Mechanical Anomaly,Critical,Mechanical Anomaly event logged during excavation operations at Site Alpha - Sector 4 Foundation.,Site Alpha - Sector 4 Foundation,True,Operator briefed and cleared for shift resumption.,2026-08-30 13:45:47
INC0119,2026-09-06 02:45:47,COM012,OP048,Proximity Hazard,High,Proximity Hazard event logged during excavation operations at Site Alpha - Sector 4 Foundation.,Site Alpha - Sector 4 Foundation,True,Operator briefed and cleared for shift resumption.,2026-09-06 02:45:47
INC0120,2026-08-09 18:45:47,WHE008,OP067,Seatbelt Violation,Low,Seatbelt Violation event logged during excavation operations at Site Alpha - Sector 1 Quarry.,Site Alpha - Sector 1 Quarry,True,Operator briefed and cleared for shift resumption.,2026-08-09 18:45:47
INC0121,2026-09-18 05:45:47,EXC049,OP090,Mechanical Anomaly,High,Mechanical Anomaly event logged during excavation operations at Site Alpha - Sector 4 Foundation.,Site Alpha - Sector 4 Foundation,True,Operator briefed and cleared for shift resumption.,2026-09-18 05:45:47
INC0122,2026-08-11 01:45:47,DUM029,OP025,Excessive Idling,Low,Excessive Idling event logged during excavation operations at Site Beta - North Overpass.,Site Beta - North Overpass,True,Operator briefed and cleared for shift resumption.,2026-08-11 01:45:47
INC0123,2026-08-09 17:45:47,GRA004,OP027,Proximity Hazard,Low,Proximity Hazard event logged during excavation operations at Site Beta - North Overpass.,Site Beta - North Overpass,False,,2026-08-09 17:45:47
INC0124,2026-08-22 02:45:47,DUM029,OP093,Proximity Hazard,Critical,Proximity Hazard event logged during excavation operations at Site Beta - North Overpass.,Site Beta - North Overpass,True,Operator briefed and cleared for shift resumption.,2026-08-22 02:45:47
INC0125,2026-08-23 09:45:47,EXC007,OP069,Other,High,Other event logged during excavation operations at Site Alpha - Sector 4 Foundation.,Site Alpha - Sector 4 Foundation,True,Operator briefed and cleared for shift resumption.,2026-08-23 09:45:47
INC0126,2026-09-13 11:45:47,EXC025,OP086,Overheating,Medium,Overheating event logged during excavation operations at Site Beta - North Overpass.,Site Beta - North Overpass,True,Operator briefed and cleared for shift resumption.,2026-09-13 11:45:47
INC0127,2026-09-11 04:45:47,DUM017,OP085,Seatbelt Violation,Medium,Seatbelt Violation event logged during excavation operations at Site Alpha - Sector 1 Quarry.,Site Alpha - Sector 1 Quarry,False,,2026-09-11 04:45:47
INC0128,2026-09-16 06:45:47,COM018,OP008,Overheating,Low,Overheating event logged during excavation operations at Site Gamma - River Basin Basin Prep.,Site Gamma - River Basin Basin Prep,True,Operator briefed and cleared for shift resumption.,2026-09-16 06:45:47
INC0129,2026-08-30 11:45:47,DUM011,OP070,Excessive Idling,Medium,Excessive Idling event logged during excavation operations at Site Delta - Highway Interchange.,Site Delta - Highway Interchange,True,Operator briefed and cleared for shift resumption.,2026-08-30 11:45:47
INC0130,2026-08-29 02:45:47,EXC001,OP066,Proximity Hazard,Critical,Proximity Hazard event logged during excavation operations at Site Alpha - Sector 4 Foundation.,Site Alpha - Sector 4 Foundation,True,Operator briefed and cleared for shift resumption.,2026-08-29 02:45:47
INC0131,2026-08-27 14:45:47,EXC031,OP006,Excessive Idling,Low,Excessive Idling event logged during excavation operations at Site Delta - Highway Interchange.,Site Delta - Highway Interchange,True,Operator briefed and cleared for shift resumption.,2026-08-27 14:45:47
INC0132,2026-08-20 04:45:47,EXC031,OP056,Mechanical Anomaly,Low,Mechanical Anomaly event logged during excavation operations at Site Delta - Highway Interchange.,Site Delta - Highway Interchange,True,Operator briefed and cleared for shift resumption.,2026-08-20 04:45:47
INC0133,2026-08-16 00:45:47,COM030,OP049,Other,Medium,Other event logged during excavation operations at Site Beta - East Trenching Zone.,Site Beta - East Trenching Zone,True,Operator briefed and cleared for shift resumption.,2026-08-16 00:45:47
INC0134,2026-08-10 09:45:47,EXC031,OP054,Seatbelt Violation,Critical,Seatbelt Violation event logged during excavation operations at Site Delta - Highway Interchange.,Site Delta - Highway Interchange,True,Operator briefed and cleared for shift resumption.,2026-08-10 09:45:47
INC0135,2026-08-23 07:45:47,DOZ027,OP024,Mechanical Anomaly,Low,Mechanical Anomaly event logged during excavation operations at Site Gamma - River Basin Basin Prep.,Site Gamma - River Basin Basin Prep,True,Operator briefed and cleared for shift resumption.,2026-08-23 07:45:47
INC0136,2026-08-19 10:45:47,EXC019,OP070,Seatbelt Violation,Critical,Seatbelt Violation event logged during excavation operations at Site Gamma - River Basin Basin Prep.,Site Gamma - River Basin Basin Prep,True,Operator briefed and cleared for shift resumption.,2026-08-19 10:45:47
INC0137,2026-08-18 04:45:47,WHE020,OP014,Mechanical Anomaly,Critical,Mechanical Anomaly event logged during excavation operations at Site Alpha - Sector 4 Foundation.,Site Alpha - Sector 4 Foundation,True,Operator briefed and cleared for shift resumption.,2026-08-18 04:45:47
INC0138,2026-08-30 02:45:47,DOZ015,OP086,Seatbelt Violation,Medium,Seatbelt Violation event logged during excavation operations at Site Delta - Highway Interchange.,Site Delta - Highway Interchange,True,Operator briefed and cleared for shift resumption.,2026-08-30 02:45:47
INC0139,2026-08-14 22:45:47,GRA022,OP052,Mechanical Anomaly,High,Mechanical Anomaly event logged during excavation operations at Site Alpha - Sector 4 Foundation.,Site Alpha - Sector 4 Foundation,False,,2026-08-14 22:45:47
INC0140,2026-08-29 10:45:47,WHE020,OP014,Excessive Idling,Low,Excessive Idling event logged during excavation operations at Site Alpha - Sector 4 Foundation.,Site Alpha - Sector 4 Foundation,True,Operator briefed and cleared for shift resumption.,2026-08-29 10:45:47
INC0141,2026-08-15 14:45:47,GRA046,OP088,Overheating,Medium,Overheating event logged during excavation operations at Site Gamma - River Basin Basin Prep.,Site Gamma - River Basin Basin Prep,True,Operator briefed and cleared for shift resumption.,2026-08-15 14:45:47
INC0142,2026-08-17 13:45:47,EXC025,OP033,Seatbelt Violation,Low,Seatbelt Violation event logged during excavation operations at Site Beta - North Overpass.,Site Beta - North Overpass,True,Operator briefed and cleared for shift resumption.,2026-08-17 13:45:47
INC0143,2026-09-09 02:45:47,WHE032,OP083,Other,Low,Other event logged during excavation operations at Site Beta - East Trenching Zone.,Site Beta - East Trenching Zone,False,,2026-09-09 02:45:47
INC0144,2026-08-08 16:45:47,GRA022,OP085,Proximity Hazard,Low,Proximity Hazard event logged during excavation operations at Site Alpha - Sector 4 Foundation.,Site Alpha - Sector 4 Foundation,True,Operator briefed and cleared for shift resumption.,2026-08-08 16:45:47
INC0145,2026-08-19 09:45:47,WHE044,OP007,Excessive Idling,Low,Excessive Idling event logged during excavation operations at Site Alpha - Sector 4 Foundation.,Site Alpha - Sector 4 Foundation,False,,2026-08-19 09:45:47
INC0146,2026-09-10 23:45:47,COM024,OP072,Mechanical Anomaly,Low,Mechanical Anomaly event logged during excavation operations at Site Delta - Highway Interchange.,Site Delta - Highway Interchange,True,Operator briefed and cleared for shift resumption.,2026-09-10 23:45:47
INC0147,2026-08-25 11:45:47,GRA010,OP075,Fatigue,Critical,Fatigue event logged during excavation operations at Site Beta - East Trenching Zone.,Site Beta - East Trenching Zone,True,Operator briefed and cleared for shift resumption.,2026-08-25 11:45:47
INC0148,2026-09-02 04:45:47,COM018,OP023,Excessive Idling,Low,Excessive Idling event logged during excavation operations at Site Gamma - River Basin Basin Prep.,Site Gamma - River Basin Basin Prep,False,,2026-09-02 04:45:47
INC0149,2026-09-15 01:45:47,DOZ039,OP032,Seatbelt Violation,Critical,Seatbelt Violation event logged during excavation operations at Site Alpha - Sector 1 Quarry.,Site Alpha - Sector 1 Quarry,True,Operator briefed and cleared for shift resumption.,2026-09-15 01:45:47
INC0150,2026-09-12 08:45:47,WHE026,OP001,Proximity Hazard,Medium,Proximity Hazard event logged during excavation operations at Site Gamma - River Basin Basin Prep.,Site Gamma - River Basin Basin Prep,True,Operator briefed and cleared for shift resumption.,2026-09-12 08:45:47
INC0151,2026-08-18 13:45:47,EXC037,OP095,Excessive Idling,Low,Excessive Idling event logged during excavation operations at Site Beta - North Overpass.,Site Beta - North Overpass,True,Operator briefed and cleared for shift resumption.,2026-08-18 13:45:47
INC0152,2026-08-22 11:45:47,COM030,OP047,Fatigue,High,Fatigue event logged during excavation operations at Site Beta - East Trenching Zone.,Site Beta - East Trenching Zone,True,Operator briefed and cleared for shift resumption.,2026-08-22 11:45:47
INC0153,2026-08-30 18:45:47,DOZ039,OP030,Proximity Hazard,Medium,Proximity Hazard event logged during excavation operations at Site Alpha - Sector 1 Quarry.,Site Alpha - Sector 1 Quarry,True,Operator briefed and cleared for shift resumption.,2026-08-30 18:45:47
INC0154,2026-09-10 14:45:47,EXC049,OP065,Proximity Hazard,High,Proximity Hazard event logged during excavation operations at Site Alpha - Sector 4 Foundation.,Site Alpha - Sector 4 Foundation,False,,2026-09-10 14:45:47
INC0155,2026-09-22 22:45:47,GRA040,OP082,Other,Low,Other event logged during excavation operations at Site Gamma - River Basin Basin Prep.,Site Gamma - River Basin Basin Prep,True,Operator briefed and cleared for shift resumption.,2026-09-22 22:45:47
INC0156,2026-09-17 20:45:47,DUM029,OP031,Overheating,High,Overheating event logged during excavation operations at Site Beta - North Overpass.,Site Beta - North Overpass,True,Operator briefed and cleared for shift resumption.,2026-09-17 20:45:47
INC0157,2026-08-18 05:45:47,GRA022,OP033,Overheating,Critical,Overheating event logged during excavation operations at Site Alpha - Sector 4 Foundation.,Site Alpha - Sector 4 Foundation,True,Operator briefed and cleared for shift resumption.,2026-08-18 05:45:47
INC0158,2026-09-16 11:45:47,DOZ045,OP091,Other,High,Other event logged during excavation operations at Site Gamma - River Basin Basin Prep.,Site Gamma - River Basin Basin Prep,False,,2026-09-16 11:45:47
INC0159,2026-09-20 09:45:47,COM048,OP011,Proximity Hazard,High,Proximity Hazard event logged during excavation operations at Site Delta - Highway Interchange.,Site Delta - Highway Interchange,True,Operator briefed and cleared for shift resumption.,2026-09-20 09:45:47
INC0160,2026-09-17 17:45:47,DUM035,OP032,Proximity Hazard,Medium,Proximity Hazard event logged during excavation operations at Site Beta - North Overpass.,Site Beta - North Overpass,True,Operator briefed and cleared for shift resumption.,2026-09-17 17:45:47
INC0161,2026-08-17 17:45:47,COM024,OP066,Overheating,Critical,Overheating event logged during excavation operations at Site Delta - Highway Interchange.,Site Delta - Highway Interchange,False,,2026-08-17 17:45:47
INC0162,2026-09-16 20:45:47,DOZ015,OP044,Seatbelt Violation,Critical,Seatbelt Violation event logged during excavation operations at Site Delta - Highway Interchange.,Site Delta - Highway Interchange,False,,2026-09-16 20:45:47
INC0163,2026-09-11 10:45:47,COM006,OP063,Excessive Idling,Low,Excessive Idling event logged during excavation operations at Site Beta - North Overpass.,Site Beta - North Overpass,True,Operator briefed and cleared for shift resumption.,2026-09-11 10:45:47
INC0164,2026-09-19 17:45:47,DOZ027,OP065,Overheating,Critical,Overheating event logged during excavation operations at Site Gamma - River Basin Basin Prep.,Site Gamma - River Basin Basin Prep,False,,2026-09-19 17:45:47
INC0165,2026-08-09 23:45:47,DUM005,OP017,Overheating,High,Overheating event logged during excavation operations at Site Beta - North Overpass.,Site Beta - North Overpass,True,Operator briefed and cleared for shift resumption.,2026-08-09 23:45:47
INC0166,2026-09-06 18:45:47,GRA022,OP012,Seatbelt Violation,Critical,Seatbelt Violation event logged during excavation operations at Site Alpha - Sector 4 Foundation.,Site Alpha - Sector 4 Foundation,True,Operator briefed and cleared for shift resumption.,2026-09-06 18:45:47
INC0167,2026-09-10 04:45:47,DOZ015,OP098,Other,High,Other event logged during excavation operations at Site Delta - Highway Interchange.,Site Delta - Highway Interchange,False,,2026-09-10 04:45:47
INC0168,2026-09-15 18:45:47,EXC025,OP072,Excessive Idling,High,Excessive Idling event logged during excavation operations at Site Beta - North Overpass.,Site Beta - North Overpass,True,Operator briefed and cleared for shift resumption.,2026-09-15 18:45:47
INC0169,2026-08-24 14:45:47,EXC049,OP052,Excessive Idling,Critical,Excessive Idling event logged during excavation operations at Site Alpha - Sector 4 Foundation.,Site Alpha - Sector 4 Foundation,True,Operator briefed and cleared for shift resumption.,2026-08-24 14:45:47
INC0170,2026-09-06 04:45:47,GRA004,OP002,Excessive Idling,Critical,Excessive Idling event logged during excavation operations at Site Beta - North Overpass.,Site Beta - North Overpass,True,Operator briefed and cleared for shift resumption.,2026-09-06 04:45:47
INC0171,2026-08-10 15:45:47,DOZ021,OP084,Overheating,Critical,Overheating event logged during excavation operations at Site Gamma - River Basin Basin Prep.,Site Gamma - River Basin Basin Prep,False,,2026-08-10 15:45:47
INC0172,2026-09-08 10:45:47,DOZ015,OP011,Mechanical Anomaly,Critical,Mechanical Anomaly event logged during excavation operations at Site Delta - Highway Interchange.,Site Delta - Highway Interchange,True,Operator briefed and cleared for shift resumption.,2026-09-08 10:45:47
INC0173,2026-08-16 22:45:47,DOZ015,OP023,Proximity Hazard,High,Proximity Hazard event logged during excavation operations at Site Delta - Highway Interchange.,Site Delta - Highway Interchange,False,,2026-08-16 22:45:47
INC0174,2026-09-01 20:45:47,DUM047,OP093,Mechanical Anomaly,Critical,Mechanical Anomaly event logged during excavation operations at Site Delta - Highway Interchange.,Site Delta - Highway Interchange,True,Operator briefed and cleared for shift resumption.,2026-09-01 20:45:47
INC0175,2026-09-03 18:45:47,GRA022,OP015,Overheating,Low,Overheating event logged during excavation operations at Site Alpha - Sector 4 Foundation.,Site Alpha - Sector 4 Foundation,True,Operator briefed and cleared for shift resumption.,2026-09-03 18:45:47
INC0176,2026-08-09 21:45:47,DUM035,OP006,Overheating,High,Overheating event logged during excavation operations at Site Beta - North Overpass.,Site Beta - North Overpass,True,Operator briefed and cleared for shift resumption.,2026-08-09 21:45:47
INC0177,2026-08-31 23:45:47,WHE014,OP015,Mechanical Anomaly,Low,Mechanical Anomaly event logged during excavation operations at Site Alpha - Sector 1 Quarry.,Site Alpha - Sector 1 Quarry,True,Operator briefed and cleared for shift resumption.,2026-08-31 23:45:47
INC0178,2026-08-24 10:45:47,GRA022,OP038,Seatbelt Violation,Medium,Seatbelt Violation event logged during excavation operations at Site Alpha - Sector 4 Foundation.,Site Alpha - Sector 4 Foundation,True,Operator briefed and cleared for shift resumption.,2026-08-24 10:45:47
INC0179,2026-08-16 13:45:47,DOZ039,OP100,Excessive Idling,High,Excessive Idling event logged during excavation operations at Site Alpha - Sector 1 Quarry.,Site Alpha - Sector 1 Quarry,True,Operator briefed and cleared for shift resumption.,2026-08-16 13:45:47
INC0180,2026-09-17 08:45:47,EXC031,OP053,Overheating,Low,Overheating event logged during excavation operations at Site Delta - Highway Interchange.,Site Delta - Highway Interchange,False,,2026-09-17 08:45:47
INC0181,2026-08-29 02:45:47,EXC031,OP074,Seatbelt Violation,Critical,Seatbelt Violation event logged during excavation operations at Site Delta - Highway Interchange.,Site Delta - Highway Interchange,True,Operator briefed and cleared for shift resumption.,2026-08-29 02:45:47
INC0182,2026-08-28 01:45:47,COM024,OP038,Excessive Idling,High,Excessive Idling event logged during excavation operations at Site Delta - Highway Interchange.,Site Delta - Highway Interchange,True,Operator briefed and cleared for shift resumption.,2026-08-28 01:45:47
INC0183,2026-09-14 06:45:47,GRA010,OP066,Excessive Idling,Critical,Excessive Idling event logged during excavation operations at Site Beta - East Trenching Zone.,Site Beta - East Trenching Zone,True,Operator briefed and cleared for shift resumption.,2026-09-14 06:45:47
INC0184,2026-09-04 19:45:47,WHE044,OP074,Excessive Idling,Medium,Excessive Idling event logged during excavation operations at Site Alpha - Sector 4 Foundation.,Site Alpha - Sector 4 Foundation,True,Operator briefed and cleared for shift resumption.,2026-09-04 19:45:47
INC0185,2026-09-09 17:45:47,COM018,OP088,Overheating,Low,Overheating event logged during excavation operations at Site Gamma - River Basin Basin Prep.,Site Gamma - River Basin Basin Prep,True,Operator briefed and cleared for shift resumption.,2026-09-09 17:45:47
INC0186,2026-08-10 23:45:47,DOZ039,OP065,Seatbelt Violation,High,Seatbelt Violation event logged during excavation operations at Site Alpha - Sector 1 Quarry.,Site Alpha - Sector 1 Quarry,False,,2026-08-10 23:45:47
INC0187,2026-09-22 22:45:47,DUM023,OP095,Fatigue,Critical,Fatigue event logged during excavation operations at Site Gamma - River Basin Basin Prep.,Site Gamma - River Basin Basin Prep,True,Operator briefed and cleared for shift resumption.,2026-09-22 22:45:47
INC0188,2026-08-12 13:45:47,DUM047,OP076,Excessive Idling,Medium,Excessive Idling event logged during excavation operations at Site Delta - Highway Interchange.,Site Delta - Highway Interchange,False,,2026-08-12 13:45:47
INC0189,2026-08-21 07:45:47,DOZ027,OP009,Other,Medium,Other event logged during excavation operations at Site Gamma - River Basin Basin Prep.,Site Gamma - River Basin Basin Prep,True,Operator briefed and cleared for shift resumption.,2026-08-21 07:45:47
INC0190,2026-08-14 21:45:47,COM036,OP061,Excessive Idling,Low,Excessive Idling event logged during excavation operations at Site Alpha - Sector 1 Quarry.,Site Alpha - Sector 1 Quarry,False,,2026-08-14 21:45:47
INC0191,2026-08-25 10:45:47,COM030,OP057,Excessive Idling,High,Excessive Idling event logged during excavation operations at Site Beta - East Trenching Zone.,Site Beta - East Trenching Zone,False,,2026-08-25 10:45:47
INC0192,2026-09-13 23:45:47,COM042,OP027,Other,Critical,Other event logged during excavation operations at Site Alpha - Sector 1 Quarry.,Site Alpha - Sector 1 Quarry,True,Operator briefed and cleared for shift resumption.,2026-09-13 23:45:47
INC0193,2026-08-26 09:45:47,WHE032,OP060,Proximity Hazard,Medium,Proximity Hazard event logged during excavation operations at Site Beta - East Trenching Zone.,Site Beta - East Trenching Zone,False,,2026-08-26 09:45:47
INC0194,2026-09-08 00:45:47,COM006,OP008,Mechanical Anomaly,Critical,Mechanical Anomaly event logged during excavation operations at Site Beta - North Overpass.,Site Beta - North Overpass,True,Operator briefed and cleared for shift resumption.,2026-09-08 00:45:47
INC0195,2026-09-12 06:45:47,DOZ009,OP071,Seatbelt Violation,Critical,Seatbelt Violation event logged during excavation operations at Site Beta - East Trenching Zone.,Site Beta - East Trenching Zone,True,Operator briefed and cleared for shift resumption.,2026-09-12 06:45:47
INC0196,2026-09-05 05:45:47,DOZ003,OP053,Mechanical Anomaly,Medium,Mechanical Anomaly event logged during excavation operations at Site Alpha - Sector 4 Foundation.,Site Alpha - Sector 4 Foundation,True,Operator briefed and cleared for shift resumption.,2026-09-05 05:45:47
INC0197,2026-09-20 07:45:47,DOZ015,OP025,Proximity Hazard,Medium,Proximity Hazard event logged during excavation operations at Site Delta - Highway Interchange.,Site Delta - Highway Interchange,True,Operator briefed and cleared for shift resumption.,2026-09-20 07:45:47
INC0198,2026-09-07 03:45:47,GRA040,OP076,Proximity Hazard,Medium,Proximity Hazard event logged during excavation operations at Site Gamma - River Basin Basin Prep.,Site Gamma - River Basin Basin Prep,False,,2026-09-07 03:45:47
INC0199,2026-08-29 17:45:47,WHE002,OP052,Excessive Idling,Low,Excessive Idling event logged during excavation operations at Site Alpha - Sector 1 Quarry.,Site Alpha - Sector 1 Quarry,True,Operator briefed and cleared for shift resumption.,2026-08-29 17:45:47
INC0200,2026-08-28 16:45:47,GRA046,OP030,Overheating,Low,Overheating event logged during excavation operations at Site Gamma - River Basin Basin Prep.,Site Gamma - River Basin Basin Prep,False,,2026-08-28 16:45:47
INC0201,2026-09-01 21:45:47,COM042,OP017,Overheating,Medium,Overheating event logged during excavation operations at Site Alpha - Sector 1 Quarry.,Site Alpha - Sector 1 Quarry,True,Operator briefed and cleared for shift resumption.,2026-09-01 21:45:47
INC0202,2026-08-16 02:45:47,WHE026,OP042,Fatigue,Medium,Fatigue event logged during excavation operations at Site Gamma - River Basin Basin Prep.,Site Gamma - River Basin Basin Prep,True,Operator briefed and cleared for shift resumption.,2026-08-16 02:45:47
INC0203,2026-09-07 20:45:47,DOZ009,OP065,Seatbelt Violation,High,Seatbelt Violation event logged during excavation operations at Site Beta - East Trenching Zone.,Site Beta - East Trenching Zone,True,Operator briefed and cleared for shift resumption.,2026-09-07 20:45:47
INC0204,2026-09-07 03:45:47,GRA004,OP005,Mechanical Anomaly,Critical,Mechanical Anomaly event logged during excavation operations at Site Beta - North Overpass.,Site Beta - North Overpass,True,Operator briefed and cleared for shift resumption.,2026-09-07 03:45:47
INC0205,2026-08-19 20:45:47,COM036,OP044,Fatigue,High,Fatigue event logged during excavation operations at Site Alpha - Sector 1 Quarry.,Site Alpha - Sector 1 Quarry,True,Operator briefed and cleared for shift resumption.,2026-08-19 20:45:47
INC0206,2026-09-15 17:45:47,GRA022,OP032,Other,Low,Other event logged during excavation operations at Site Alpha - Sector 4 Foundation.,Site Alpha - Sector 4 Foundation,True,Operator briefed and cleared for shift resumption.,2026-09-15 17:45:47
INC0207,2026-09-07 06:45:47,EXC049,OP098,Mechanical Anomaly,Low,Mechanical Anomaly event logged during excavation operations at Site Alpha - Sector 4 Foundation.,Site Alpha - Sector 4 Foundation,True,Operator briefed and cleared for shift resumption.,2026-09-07 06:45:47
INC0208,2026-08-21 11:45:47,DUM023,OP040,Overheating,Medium,Overheating event logged during excavation operations at Site Gamma - River Basin Basin Prep.,Site Gamma - River Basin Basin Prep,True,Operator briefed and cleared for shift resumption.,2026-08-21 11:45:47
INC0209,2026-09-04 07:45:47,GRA016,OP057,Overheating,Critical,Overheating event logged during excavation operations at Site Delta - Highway Interchange.,Site Delta - Highway Interchange,True,Operator briefed and cleared for shift resumption.,2026-09-04 07:45:47
INC0210,2026-08-18 22:45:47,GRA022,OP004,Overheating,Critical,Overheating event logged during excavation operations at Site Alpha - Sector 4 Foundation.,Site Alpha - Sector 4 Foundation,True,Operator briefed and cleared for shift resumption.,2026-08-18 22:45:47
INC0211,2026-08-19 23:45:47,GRA034,OP082,Fatigue,Critical,Fatigue event logged during excavation operations at Site Alpha - Sector 4 Foundation.,Site Alpha - Sector 4 Foundation,True,Operator briefed and cleared for shift resumption.,2026-08-19 23:45:47
INC0212,2026-09-08 17:45:47,WHE044,OP024,Seatbelt Violation,Low,Seatbelt Violation event logged during excavation operations at Site Alpha - Sector 4 Foundation.,Site Alpha - Sector 4 Foundation,True,Operator briefed and cleared for shift resumption.,2026-09-08 17:45:47
INC0213,2026-09-18 20:45:47,DUM011,OP016,Proximity Hazard,Medium,Proximity Hazard event logged during excavation operations at Site Delta - Highway Interchange.,Site Delta - Highway Interchange,True,Operator briefed and cleared for shift resumption.,2026-09-18 20:45:47
INC0214,2026-08-18 23:45:47,COM006,OP080,Seatbelt Violation,High,Seatbelt Violation event logged during excavation operations at Site Beta - North Overpass.,Site Beta - North Overpass,True,Operator briefed and cleared for shift resumption.,2026-08-18 23:45:47
INC0215,2026-08-19 20:45:47,WHE014,OP076,Excessive Idling,Medium,Excessive Idling event logged during excavation operations at Site Alpha - Sector 1 Quarry.,Site Alpha - Sector 1 Quarry,True,Operator briefed and cleared for shift resumption.,2026-08-19 20:45:47
INC0216,2026-09-12 19:45:47,GRA034,OP100,Fatigue,Critical,Fatigue event logged during excavation operations at Site Alpha - Sector 4 Foundation.,Site Alpha - Sector 4 Foundation,True,Operator briefed and cleared for shift resumption.,2026-09-12 19:45:47
INC0217,2026-09-07 06:45:47,EXC013,OP090,Excessive Idling,Low,Excessive Idling event logged during excavation operations at Site Beta - East Trenching Zone.,Site Beta - East Trenching Zone,False,,2026-09-07 06:45:47
INC0218,2026-08-28 06:45:47,WHE020,OP073,Other,High,Other event logged during excavation operations at Site Alpha - Sector 4 Foundation.,Site Alpha - Sector 4 Foundation,True,Operator briefed and cleared for shift resumption.,2026-08-28 06:45:47
INC0219,2026-09-04 02:45:47,WHE008,OP061,Fatigue,Critical,Fatigue event logged during excavation operations at Site Alpha - Sector 1 Quarry.,Site Alpha - Sector 1 Quarry,True,Operator briefed and cleared for shift resumption.,2026-09-04 02:45:47
INC0220,2026-09-11 06:45:47,GRA028,OP002,Seatbelt Violation,Medium,Seatbelt Violation event logged during excavation operations at Site Gamma - River Basin Basin Prep.,Site Gamma - River Basin Basin Prep,True,Operator briefed and cleared for shift resumption.,2026-09-11 06:45:47
INC0221,2026-08-24 11:45:47,COM036,OP065,Fatigue,Low,Fatigue event logged during excavation operations at Site Alpha - Sector 1 Quarry.,Site Alpha - Sector 1 Quarry,True,Operator briefed and cleared for shift resumption.,2026-08-24 11:45:47
INC0222,2026-09-11 19:45:47,DOZ021,OP011,Seatbelt Violation,Low,Seatbelt Violation event logged during excavation operations at Site Gamma - River Basin Basin Prep.,Site Gamma - River Basin Basin Prep,True,Operator briefed and cleared for shift resumption.,2026-09-11 19:45:47
INC0223,2026-09-14 11:45:47,WHE020,OP044,Excessive Idling,Low,Excessive Idling event logged during excavation operations at Site Alpha - Sector 4 Foundation.,Site Alpha - Sector 4 Foundation,False,,2026-09-14 11:45:47
INC0224,2026-09-17 20:45:47,WHE044,OP021,Proximity Hazard,Low,Proximity Hazard event logged during excavation operations at Site Alpha - Sector 4 Foundation.,Site Alpha - Sector 4 Foundation,True,Operator briefed and cleared for shift resumption.,2026-09-17 20:45:47
INC0225,2026-09-18 23:45:47,WHE020,OP047,Overheating,High,Overheating event logged during excavation operations at Site Alpha - Sector 4 Foundation.,Site Alpha - Sector 4 Foundation,True,Operator briefed and cleared for shift resumption.,2026-09-18 23:45:47
INC0226,2026-08-11 13:45:47,GRA034,OP064,Overheating,Medium,Overheating event logged during excavation operations at Site Alpha - Sector 4 Foundation.,Site Alpha - Sector 4 Foundation,False,,2026-08-11 13:45:47
INC0227,2026-08-28 07:45:47,GRA004,OP035,Seatbelt Violation,Critical,Seatbelt Violation event logged during excavation operations at Site Beta - North Overpass.,Site Beta - North Overpass,False,,2026-08-28 07:45:47
INC0228,2026-09-17 00:45:47,COM030,OP041,Other,Low,Other event logged during excavation operations at Site Beta - East Trenching Zone.,Site Beta - East Trenching Zone,True,Operator briefed and cleared for shift resumption.,2026-09-17 00:45:47
INC0229,2026-09-07 03:45:47,WHE026,OP088,Proximity Hazard,Critical,Proximity Hazard event logged during excavation operations at Site Gamma - River Basin Basin Prep.,Site Gamma - River Basin Basin Prep,False,,2026-09-07 03:45:47
INC0230,2026-09-19 20:45:47,GRA004,OP030,Proximity Hazard,Critical,Proximity Hazard event logged during excavation operations at Site Beta - North Overpass.,Site Beta - North Overpass,True,Operator briefed and cleared for shift resumption.,2026-09-19 20:45:47
INC0231,2026-08-20 05:45:47,WHE050,OP044,Fatigue,High,Fatigue event logged during excavation operations at Site Alpha - Sector 1 Quarry.,Site Alpha - Sector 1 Quarry,False,,2026-08-20 05:45:47
INC0232,2026-08-21 20:45:47,EXC001,OP074,Proximity Hazard,High,Proximity Hazard event logged during excavation operations at Site Alpha - Sector 4 Foundation.,Site Alpha - Sector 4 Foundation,False,,2026-08-21 20:45:47
INC0233,2026-08-28 18:45:47,GRA016,OP089,Proximity Hazard,Medium,Proximity Hazard event logged during excavation operations at Site Delta - Highway Interchange.,Site Delta - Highway Interchange,False,,2026-08-28 18:45:47
INC0234,2026-09-20 09:45:47,COM042,OP002,Mechanical Anomaly,Critical,Mechanical Anomaly event logged during excavation operations at Site Alpha - Sector 1 Quarry.,Site Alpha - Sector 1 Quarry,True,Operator briefed and cleared for shift resumption.,2026-09-20 09:45:47
INC0235,2026-08-16 07:45:47,DUM017,OP043,Other,Critical,Other event logged during excavation operations at Site Alpha - Sector 1 Quarry.,Site Alpha - Sector 1 Quarry,False,,2026-08-16 07:45:47
INC0236,2026-09-19 03:45:47,DOZ009,OP052,Proximity Hazard,Critical,Proximity Hazard event logged during excavation operations at Site Beta - East Trenching Zone.,Site Beta - East Trenching Zone,True,Operator briefed and cleared for shift resumption.,2026-09-19 03:45:47
INC0237,2026-08-21 13:45:47,EXC043,OP069,Mechanical Anomaly,High,Mechanical Anomaly event logged during excavation operations at Site Beta - East Trenching Zone.,Site Beta - East Trenching Zone,True,Operator briefed and cleared for shift resumption.,2026-08-21 13:45:47
INC0238,2026-09-23 08:45:47,GRA040,OP082,Seatbelt Violation,Critical,Seatbelt Violation event logged during excavation operations at Site Gamma - River Basin Basin Prep.,Site Gamma - River Basin Basin Prep,True,Operator briefed and cleared for shift resumption.,2026-09-23 08:45:47
INC0239,2026-08-17 22:45:47,DOZ003,OP093,Overheating,Low,Overheating event logged during excavation operations at Site Alpha - Sector 4 Foundation.,Site Alpha - Sector 4 Foundation,True,Operator briefed and cleared for shift resumption.,2026-08-17 22:45:47
INC0240,2026-09-21 16:45:47,DOZ039,OP062,Excessive Idling,Medium,Excessive Idling event logged during excavation operations at Site Alpha - Sector 1 Quarry.,Site Alpha - Sector 1 Quarry,False,,2026-09-21 16:45:47
INC0241,2026-09-21 08:45:47,DUM023,OP010,Proximity Hazard,Medium,Proximity Hazard event logged during excavation operations at Site Gamma - River Basin Basin Prep.,Site Gamma - River Basin Basin Prep,True,Operator briefed and cleared for shift resumption.,2026-09-21 08:45:47
INC0242,2026-09-15 04:45:47,COM036,OP020,Other,High,Other event logged during excavation operations at Site Alpha - Sector 1 Quarry.,Site Alpha - Sector 1 Quarry,True,Operator briefed and cleared for shift resumption.,2026-09-15 04:45:47
INC0243,2026-09-23 03:45:47,GRA046,OP020,Proximity Hazard,Critical,Proximity Hazard event logged during excavation operations at Site Gamma - River Basin Basin Prep.,Site Gamma - River Basin Basin Prep,True,Operator briefed and cleared for shift resumption.,2026-09-23 03:45:47
INC0244,2026-08-17 01:45:47,COM042,OP026,Fatigue,Critical,Fatigue event logged during excavation operations at Site Alpha - Sector 1 Quarry.,Site Alpha - Sector 1 Quarry,True,Operator briefed and cleared for shift resumption.,2026-08-17 01:45:47
INC0245,2026-09-01 18:45:47,DUM011,OP076,Fatigue,Low,Fatigue event logged during excavation operations at Site Delta - Highway Interchange.,Site Delta - Highway Interchange,True,Operator briefed and cleared for shift resumption.,2026-09-01 18:45:47
INC0246,2026-09-18 22:45:47,COM024,OP042,Mechanical Anomaly,Low,Mechanical Anomaly event logged during excavation operations at Site Delta - Highway Interchange.,Site Delta - Highway Interchange,False,,2026-09-18 22:45:47
INC0247,2026-09-18 02:45:47,WHE014,OP078,Other,Critical,Other event logged during excavation operations at Site Alpha - Sector 1 Quarry.,Site Alpha - Sector 1 Quarry,True,Operator briefed and cleared for shift resumption.,2026-09-18 02:45:47
INC0248,2026-09-01 21:45:47,DUM011,OP003,Fatigue,Critical,Fatigue event logged during excavation operations at Site Delta - Highway Interchange.,Site Delta - Highway Interchange,False,,2026-09-01 21:45:47
INC0249,2026-09-12 02:45:47,DOZ045,OP015,Overheating,High,Overheating event logged during excavation operations at Site Gamma - River Basin Basin Prep.,Site Gamma - River Basin Basin Prep,True,Operator briefed and cleared for shift resumption.,2026-09-12 02:45:47
INC0250,2026-09-12 23:45:47,COM030,OP031,Fatigue,Critical,Fatigue event logged during excavation operations at Site Beta - East Trenching Zone.,Site Beta - East Trenching Zone,False,,2026-09-12 23:45:47
INC0251,2026-08-20 18:45:47,DUM023,OP077,Proximity Hazard,Low,Proximity Hazard event logged during excavation operations at Site Gamma - River Basin Basin Prep.,Site Gamma - River Basin Basin Prep,True,Operator briefed and cleared for shift resumption.,2026-08-20 18:45:47
INC0252,2026-09-03 15:45:47,DOZ045,OP009,Proximity Hazard,Medium,Proximity Hazard event logged during excavation operations at Site Gamma - River Basin Basin Prep.,Site Gamma - River Basin Basin Prep,False,,2026-09-03 15:45:47
INC0253,2026-09-07 15:45:47,EXC031,OP094,Fatigue,Critical,Fatigue event logged during excavation operations at Site Delta - Highway Interchange.,Site Delta - Highway Interchange,True,Operator briefed and cleared for shift resumption.,2026-09-07 15:45:47
INC0254,2026-09-13 03:45:47,GRA046,OP060,Excessive Idling,Critical,Excessive Idling event logged during excavation operations at Site Gamma - River Basin Basin Prep.,Site Gamma - River Basin Basin Prep,False,,2026-09-13 03:45:47
INC0255,2026-09-10 15:45:47,EXC013,OP082,Overheating,High,Overheating event logged during excavation operations at Site Beta - East Trenching Zone.,Site Beta - East Trenching Zone,True,Operator briefed and cleared for shift resumption.,2026-09-10 15:45:47
INC0256,2026-08-20 20:45:47,WHE020,OP080,Overheating,Critical,Overheating event logged during excavation operations at Site Alpha - Sector 4 Foundation.,Site Alpha - Sector 4 Foundation,True,Operator briefed and cleared for shift resumption.,2026-08-20 20:45:47
INC0257,2026-08-24 08:45:47,DOZ039,OP049,Proximity Hazard,High,Proximity Hazard event logged during excavation operations at Site Alpha - Sector 1 Quarry.,Site Alpha - Sector 1 Quarry,True,Operator briefed and cleared for shift resumption.,2026-08-24 08:45:47
INC0258,2026-09-08 19:45:47,WHE026,OP097,Overheating,High,Overheating event logged during excavation operations at Site Gamma - River Basin Basin Prep.,Site Gamma - River Basin Basin Prep,True,Operator briefed and cleared for shift resumption.,2026-09-08 19:45:47
INC0259,2026-09-12 16:45:47,WHE044,OP083,Other,Low,Other event logged during excavation operations at Site Alpha - Sector 4 Foundation.,Site Alpha - Sector 4 Foundation,True,Operator briefed and cleared for shift resumption.,2026-09-12 16:45:47
INC0260,2026-09-05 18:45:47,GRA004,OP098,Fatigue,Medium,Fatigue event logged during excavation operations at Site Beta - North Overpass.,Site Beta - North Overpass,True,Operator briefed and cleared for shift resumption.,2026-09-05 18:45:47
INC0261,2026-09-15 02:45:47,WHE002,OP083,Mechanical Anomaly,High,Mechanical Anomaly event logged during excavation operations at Site Alpha - Sector 1 Quarry.,Site Alpha - Sector 1 Quarry,True,Operator briefed and cleared for shift resumption.,2026-09-15 02:45:47
INC0262,2026-08-14 11:45:47,WHE038,OP054,Excessive Idling,Low,Excessive Idling event logged during excavation operations at Site Gamma - River Basin Basin Prep.,Site Gamma - River Basin Basin Prep,True,Operator briefed and cleared for shift resumption.,2026-08-14 11:45:47
INC0263,2026-09-22 16:45:47,GRA004,OP073,Mechanical Anomaly,High,Mechanical Anomaly event logged during excavation operations at Site Beta - North Overpass.,Site Beta - North Overpass,True,Operator briefed and cleared for shift resumption.,2026-09-22 16:45:47
INC0264,2026-08-24 04:45:47,DOZ027,OP090,Seatbelt Violation,High,Seatbelt Violation event logged during excavation operations at Site Gamma - River Basin Basin Prep.,Site Gamma - River Basin Basin Prep,True,Operator briefed and cleared for shift resumption.,2026-08-24 04:45:47
INC0265,2026-09-12 23:45:47,DOZ027,OP017,Excessive Idling,High,Excessive Idling event logged during excavation operations at Site Gamma - River Basin Basin Prep.,Site Gamma - River Basin Basin Prep,True,Operator briefed and cleared for shift resumption.,2026-09-12 23:45:47
INC0266,2026-09-15 00:45:47,DOZ045,OP100,Excessive Idling,Medium,Excessive Idling event logged during excavation operations at Site Gamma - River Basin Basin Prep.,Site Gamma - River Basin Basin Prep,True,Operator briefed and cleared for shift resumption.,2026-09-15 00:45:47
INC0267,2026-09-08 22:45:47,DOZ039,OP020,Overheating,Low,Overheating event logged during excavation operations at Site Alpha - Sector 1 Quarry.,Site Alpha - Sector 1 Quarry,True,Operator briefed and cleared for shift resumption.,2026-09-08 22:45:47
INC0268,2026-08-16 09:45:47,DOZ039,OP030,Other,Low,Other event logged during excavation operations at Site Alpha - Sector 1 Quarry.,Site Alpha - Sector 1 Quarry,False,,2026-08-16 09:45:47
INC0269,2026-09-16 14:45:47,COM018,OP081,Mechanical Anomaly,Low,Mechanical Anomaly event logged during excavation operations at Site Gamma - River Basin Basin Prep.,Site Gamma - River Basin Basin Prep,True,Operator briefed and cleared for shift resumption.,2026-09-16 14:45:47
INC0270,2026-09-16 13:45:47,GRA010,OP060,Overheating,Medium,Overheating event logged during excavation operations at Site Beta - East Trenching Zone.,Site Beta - East Trenching Zone,False,,2026-09-16 13:45:47
INC0271,2026-09-11 23:45:47,EXC049,OP059,Seatbelt Violation,Medium,Seatbelt Violation event logged during excavation operations at Site Alpha - Sector 4 Foundation.,Site Alpha - Sector 4 Foundation,True,Operator briefed and cleared for shift resumption.,2026-09-11 23:45:47
INC0272,2026-09-01 22:45:47,DUM005,OP034,Overheating,Critical,Overheating event logged during excavation operations at Site Beta - North Overpass.,Site Beta - North Overpass,True,Operator briefed and cleared for shift resumption.,2026-09-01 22:45:47
INC0273,2026-08-21 03:45:47,EXC001,OP002,Fatigue,Low,Fatigue event logged during excavation operations at Site Alpha - Sector 4 Foundation.,Site Alpha - Sector 4 Foundation,False,,2026-08-21 03:45:47
INC0274,2026-09-01 16:45:47,GRA040,OP029,Proximity Hazard,Medium,Proximity Hazard event logged during excavation operations at Site Gamma - River Basin Basin Prep.,Site Gamma - River Basin Basin Prep,True,Operator briefed and cleared for shift resumption.,2026-09-01 16:45:47
INC0275,2026-09-04 06:45:47,COM048,OP035,Fatigue,Critical,Fatigue event logged during excavation operations at Site Delta - Highway Interchange.,Site Delta - Highway Interchange,True,Operator briefed and cleared for shift resumption.,2026-09-04 06:45:47
INC0276,2026-08-13 01:45:47,EXC037,OP069,Proximity Hazard,Medium,Proximity Hazard event logged during excavation operations at Site Beta - North Overpass.,Site Beta - North Overpass,True,Operator briefed and cleared for shift resumption.,2026-08-13 01:45:47
INC0277,2026-08-09 20:45:47,DOZ027,OP088,Fatigue,Critical,Fatigue event logged during excavation operations at Site Gamma - River Basin Basin Prep.,Site Gamma - River Basin Basin Prep,True,Operator briefed and cleared for shift resumption.,2026-08-09 20:45:47
INC0278,2026-09-07 16:45:47,EXC031,OP011,Other,High,Other event logged during excavation operations at Site Delta - Highway Interchange.,Site Delta - Highway Interchange,True,Operator briefed and cleared for shift resumption.,2026-09-07 16:45:47
INC0279,2026-09-13 02:45:47,DUM011,OP022,Seatbelt Violation,Critical,Seatbelt Violation event logged during excavation operations at Site Delta - Highway Interchange.,Site Delta - Highway Interchange,True,Operator briefed and cleared for shift resumption.,2026-09-13 02:45:47
INC0280,2026-08-29 01:45:47,DUM047,OP100,Excessive Idling,Medium,Excessive Idling event logged during excavation operations at Site Delta - Highway Interchange.,Site Delta - Highway Interchange,True,Operator briefed and cleared for shift resumption.,2026-08-29 01:45:47
INC0281,2026-09-13 16:45:47,DOZ003,OP093,Seatbelt Violation,Medium,Seatbelt Violation event logged during excavation operations at Site Alpha - Sector 4 Foundation.,Site Alpha - Sector 4 Foundation,True,Operator briefed and cleared for shift resumption.,2026-09-13 16:45:47
INC0282,2026-08-08 15:45:47,WHE002,OP074,Fatigue,Low,Fatigue event logged during excavation operations at Site Alpha - Sector 1 Quarry.,Site Alpha - Sector 1 Quarry,False,,2026-08-08 15:45:47
INC0283,2026-08-28 09:45:47,GRA028,OP039,Seatbelt Violation,Critical,Seatbelt Violation event logged during excavation operations at Site Gamma - River Basin Basin Prep.,Site Gamma - River Basin Basin Prep,False,,2026-08-28 09:45:47
INC0284,2026-09-13 21:45:47,COM042,OP040,Other,High,Other event logged during excavation operations at Site Alpha - Sector 1 Quarry.,Site Alpha - Sector 1 Quarry,False,,2026-09-13 21:45:47
INC0285,2026-09-03 03:45:47,WHE032,OP032,Fatigue,High,Fatigue event logged during excavation operations at Site Beta - East Trenching Zone.,Site Beta - East Trenching Zone,True,Operator briefed and cleared for shift resumption.,2026-09-03 03:45:47
INC0286,2026-09-11 15:45:47,GRA004,OP092,Mechanical Anomaly,High,Mechanical Anomaly event logged during excavation operations at Site Beta - North Overpass.,Site Beta - North Overpass,True,Operator briefed and cleared for shift resumption.,2026-09-11 15:45:47
INC0287,2026-08-16 07:45:47,WHE008,OP052,Proximity Hazard,Critical,Proximity Hazard event logged during excavation operations at Site Alpha - Sector 1 Quarry.,Site Alpha - Sector 1 Quarry,False,,2026-08-16 07:45:47
INC0288,2026-08-26 21:45:47,GRA046,OP096,Mechanical Anomaly,Low,Mechanical Anomaly event logged during excavation operations at Site Gamma - River Basin Basin Prep.,Site Gamma - River Basin Basin Prep,False,,2026-08-26 21:45:47
INC0289,2026-08-15 05:45:47,COM018,OP074,Overheating,Medium,Overheating event logged during excavation operations at Site Gamma - River Basin Basin Prep.,Site Gamma - River Basin Basin Prep,True,Operator briefed and cleared for shift resumption.,2026-08-15 05:45:47
INC0290,2026-08-17 11:45:47,DOZ015,OP088,Overheating,Critical,Overheating event logged during excavation operations at Site Delta - Highway Interchange.,Site Delta - Highway Interchange,True,Operator briefed and cleared for shift resumption.,2026-08-17 11:45:47
INC0291,2026-08-10 00:45:47,DOZ021,OP028,Overheating,Medium,Overheating event logged during excavation operations at Site Gamma - River Basin Basin Prep.,Site Gamma - River Basin Basin Prep,True,Operator briefed and cleared for shift resumption.,2026-08-10 00:45:47
INC0292,2026-09-01 21:45:47,DOZ033,OP061,Proximity Hazard,Medium,Proximity Hazard event logged during excavation operations at Site Beta - East Trenching Zone.,Site Beta - East Trenching Zone,True,Operator briefed and cleared for shift resumption.,2026-09-01 21:45:47
INC0293,2026-09-09 04:45:47,GRA016,OP066,Proximity Hazard,Low,Proximity Hazard event logged during excavation operations at Site Delta - Highway Interchange.,Site Delta - Highway Interchange,False,,2026-09-09 04:45:47
INC0294,2026-09-02 04:45:47,EXC031,OP030,Seatbelt Violation,High,Seatbelt Violation event logged during excavation operations at Site Delta - Highway Interchange.,Site Delta - Highway Interchange,True,Operator briefed and cleared for shift resumption.,2026-09-02 04:45:47
INC0295,2026-09-12 04:45:47,WHE044,OP027,Mechanical Anomaly,Low,Mechanical Anomaly event logged during excavation operations at Site Alpha - Sector 4 Foundation.,Site Alpha - Sector 4 Foundation,True,Operator briefed and cleared for shift resumption.,2026-09-12 04:45:47
INC0296,2026-09-14 02:45:47,WHE020,OP013,Excessive Idling,Medium,Excessive Idling event logged during excavation operations at Site Alpha - Sector 4 Foundation.,Site Alpha - Sector 4 Foundation,True,Operator briefed and cleared for shift resumption.,2026-09-14 02:45:47
INC0297,2026-08-13 17:45:47,EXC031,OP033,Other,Low,Other event logged during excavation operations at Site Delta - Highway Interchange.,Site Delta - Highway Interchange,True,Operator briefed and cleared for shift resumption.,2026-08-13 17:45:47
INC0298,2026-09-13 10:45:47,COM024,OP025,Fatigue,Critical,Fatigue event logged during excavation operations at Site Delta - Highway Interchange.,Site Delta - Highway Interchange,True,Operator briefed and cleared for shift resumption.,2026-09-13 10:45:47
INC0299,2026-09-03 09:45:47,DOZ015,OP045,Proximity Hazard,Low,Proximity Hazard event logged during excavation operations at Site Delta - Highway Interchange.,Site Delta - Highway Interchange,True,Operator briefed and cleared for shift resumption.,2026-09-03 09:45:47
INC0300,2026-09-15 01:45:47,GRA004,OP017,Excessive Idling,Medium,Excessive Idling event logged during excavation operations at Site Beta - North Overpass.,Site Beta - North Overpass,True,Operator briefed and cleared for shift resumption.,2026-09-15 01:45:47
