event_id,timestamp,machine_id,operator_id,event_type,severity,risk_score,details,acknowledged
SE0001,2026-08-23 21:25:47,COM012,OP067,High Vibration,MEDIUM,75.7,Safety rule triggered: High Vibration recorded on COM012 during active shift.,True
SE0002,2026-09-02 20:52:47,WHE032,OP045,Overheating,HIGH,73.0,Safety rule triggered: Overheating recorded on WHE032 during active shift.,True
SE0003,2026-09-03 12:06:47,DUM041,OP030,Seatbelt Violation,HIGH,68.1,Safety rule triggered: Seatbelt Violation recorded on DUM041 during active shift.,True
SE0004,2026-09-23 08:28:47,WHE038,OP026,Proximity Hazard,CRITICAL,83.2,Safety rule triggered: Proximity Hazard recorded on WHE038 during active shift.,True
SE0005,2026-09-12 15:03:47,DUM047,OP020,Seatbelt Violation,HIGH,70.0,Safety rule triggered: Seatbelt Violation recorded on DUM047 during active shift.,True
SE0006,2026-09-06 23:19:47,DUM005,OP083,Seatbelt Violation,HIGH,69.9,Safety rule triggered: Seatbelt Violation recorded on DUM005 during active shift.,True
SE0007,2026-09-15 06:50:47,DOZ003,OP064,High Vibration,HIGH,79.0,Safety rule triggered: High Vibration recorded on DOZ003 during active shift.,True
SE0008,2026-09-10 14:06:47,EXC049,OP003,Overheating,MEDIUM,73.5,Safety rule triggered: Overheating recorded on EXC049 during active shift.,True
SE0009,2026-09-19 06:29:47,DOZ039,OP045,High Vibration,MEDIUM,72.4,Safety rule triggered: High Vibration recorded on DOZ039 during active shift.,True
SE0010,2026-09-09 16:02:47,DOZ015,OP025,Proximity Hazard,MEDIUM,86.3,Safety rule triggered: Proximity Hazard recorded on DOZ015 during active shift.,True
SE0011,2026-09-06 12:08:47,WHE008,OP082,Proximity Hazard,MEDIUM,78.4,Safety rule triggered: Proximity Hazard recorded on WHE008 during active shift.,True
SE0012,2026-09-22 19:40:47,DUM011,OP006,Excessive Idling,MEDIUM,42.2,Safety rule triggered: Excessive Idling recorded on DUM011 during active shift.,True
SE0013,2026-08-24 08:02:47,EXC013,OP003,High Vibration,HIGH,70.3,Safety rule triggered: High Vibration recorded on EXC013 during active shift.,True
SE0014,2026-09-02 22:13:47,COM012,OP050,High Fatigue,HIGH,70.0,Safety rule triggered: High Fatigue recorded on COM012 during active shift.,False
SE0015,2026-08-28 17:05:47,DUM017,OP090,Proximity Hazard,CRITICAL,78.8,Safety rule triggered: Proximity Hazard recorded on DUM017 during active shift.,True
SE0016,2026-09-07 15:00:47,COM024,OP031,Excessive Idling,MEDIUM,44.3,Safety rule triggered: Excessive Idling recorded on COM024 during active shift.,False
SE0017,2026-08-29 01:32:47,WHE002,OP090,High Fatigue,HIGH,62.1,Safety rule triggered: High Fatigue recorded on WHE002 during active shift.,True
SE0018,2026-08-28 14:46:47,DOZ045,OP012,Excessive Idling,MEDIUM,42.9,Safety rule triggered: Excessive Idling recorded on DOZ045 during active shift.,True
SE0019,2026-08-23 14:02:47,WHE020,OP051,High Fatigue,HIGH,70.9,Safety rule triggered: High Fatigue recorded on WHE020 during active shift.,True
SE0020,2026-09-01 19:45:47,COM024,OP053,Overheating,HIGH,73.5,Safety rule triggered: Overheating recorded on COM024 during active shift.,True
SE0021,2026-09-10 18:09:47,GRA004,OP093,High Fatigue,HIGH,69.8,Safety rule triggered: High Fatigue recorded on GRA004 during active shift.,True
SE0022,2026-09-03 02:18:47,WHE014,OP047,Excessive Idling,MEDIUM,43.3,Safety rule triggered: Excessive Idling recorded on WHE014 during active shift.,True
SE0023,2026-09-15 01:24:47,COM024,OP029,High Fatigue,HIGH,67.2,Safety rule triggered: High Fatigue recorded on COM024 during active shift.,True
SE0024,2026-09-10 14:18:47,DUM005,OP036,High Vibration,HIGH,76.0,Safety rule triggered: High Vibration recorded on DUM005 during active shift.,True
SE0025,2026-09-01 22:23:47,COM036,OP069,Excessive Idling,MEDIUM,47.5,Safety rule triggered: Excessive Idling recorded on COM036 during active shift.,True
SE0026,2026-09-02 03:32:47,DOZ033,OP026,High Fatigue,HIGH,63.0,Safety rule triggered: High Fatigue recorded on DOZ033 during active shift.,True
SE0027,2026-09-06 04:52:47,EXC013,OP038,Overheating,HIGH,74.5,Safety rule triggered: Overheating recorded on EXC013 during active shift.,False
SE0028,2026-09-05 22:02:47,DUM023,OP084,High Vibration,HIGH,72.4,Safety rule triggered: High Vibration recorded on DUM023 during active shift.,False
SE0029,2026-08-27 19:48:47,DUM011,OP054,High Vibration,HIGH,68.3,Safety rule triggered: High Vibration recorded on DUM011 during active shift.,True
SE0030,2026-08-28 02:27:47,GRA028,OP051,Proximity Hazard,CRITICAL,83.7,Safety rule triggered: Proximity Hazard recorded on GRA028 during active shift.,True
SE0031,2026-09-19 11:40:47,DOZ021,OP031,Overheating,HIGH,72.5,Safety rule triggered: Overheating recorded on DOZ021 during active shift.,True
SE0032,2026-09-11 18:46:47,COM030,OP061,High Vibration,HIGH,68.5,Safety rule triggered: High Vibration recorded on COM030 during active shift.,True
SE0033,2026-08-25 15:53:47,EXC001,OP066,Excessive Idling,MEDIUM,37.3,Safety rule triggered: Excessive Idling recorded on EXC001 during active shift.,True
SE0034,2026-08-29 14:28:47,GRA016,OP021,High Fatigue,HIGH,56.3,Safety rule triggered: High Fatigue recorded on GRA016 during active shift.,True
SE0035,2026-09-06 05:13:47,WHE050,OP079,Excessive Idling,MEDIUM,44.8,Safety rule triggered: Excessive Idling recorded on WHE050 during active shift.,True
SE0036,2026-09-14 04:21:47,COM042,OP033,High Vibration,HIGH,74.0,Safety rule triggered: High Vibration recorded on COM042 during active shift.,True
SE0037,2026-09-01 01:10:47,GRA028,OP077,High Vibration,HIGH,69.0,Safety rule triggered: High Vibration recorded on GRA028 during active shift.,False
SE0038,2026-09-23 02:15:47,DOZ003,OP046,Overheating,HIGH,72.5,Safety rule triggered: Overheating recorded on DOZ003 during active shift.,True
SE0039,2026-08-31 11:35:47,GRA004,OP047,High Fatigue,MEDIUM,71.9,Safety rule triggered: High Fatigue recorded on GRA004 during active shift.,True
SE0040,2026-09-14 22:59:47,COM012,OP069,Overheating,MEDIUM,69.5,Safety rule triggered: Overheating recorded on COM012 during active shift.,False
SE0041,2026-08-28 12:24:47,DUM011,OP094,Excessive Idling,MEDIUM,36.0,Safety rule triggered: Excessive Idling recorded on DUM011 during active shift.,False
SE0042,2026-09-15 06:48:47,COM030,OP026,Seatbelt Violation,HIGH,61.7,Safety rule triggered: Seatbelt Violation recorded on COM030 during active shift.,False
SE0043,2026-09-05 11:07:47,EXC049,OP026,Overheating,MEDIUM,70.0,Safety rule triggered: Overheating recorded on EXC049 during active shift.,True
SE0044,2026-09-15 19:57:47,COM030,OP058,High Vibration,HIGH,78.7,Safety rule triggered: High Vibration recorded on COM030 during active shift.,True
SE0045,2026-09-14 15:00:47,WHE038,OP041,Proximity Hazard,CRITICAL,81.2,Safety rule triggered: Proximity Hazard recorded on WHE038 during active shift.,False
SE0046,2026-09-02 12:31:47,EXC043,OP081,High Fatigue,HIGH,62.3,Safety rule triggered: High Fatigue recorded on EXC043 during active shift.,True
SE0047,2026-09-20 22:17:47,COM036,OP004,Proximity Hazard,CRITICAL,86.4,Safety rule triggered: Proximity Hazard recorded on COM036 during active shift.,False
SE0048,2026-09-12 08:55:47,GRA022,OP072,Proximity Hazard,CRITICAL,83.2,Safety rule triggered: Proximity Hazard recorded on GRA022 during active shift.,False
SE0049,2026-09-18 13:09:47,DOZ003,OP087,High Fatigue,MEDIUM,66.0,Safety rule triggered: High Fatigue recorded on DOZ003 during active shift.,True
SE0050,2026-09-14 00:57:47,DUM041,OP001,High Vibration,MEDIUM,64.2,Safety rule triggered: High Vibration recorded on DUM041 during active shift.,True
SE0051,2026-08-23 17:29:47,EXC043,OP024,Seatbelt Violation,MEDIUM,77.4,Safety rule triggered: Seatbelt Violation recorded on EXC043 during active shift.,True
SE0052,2026-09-13 04:56:47,WHE020,OP027,Seatbelt Violation,MEDIUM,70.7,Safety rule triggered: Seatbelt Violation recorded on WHE020 during active shift.,True
SE0053,2026-09-04 03:38:47,DOZ009,OP060,Seatbelt Violation,MEDIUM,69.8,Safety rule triggered: Seatbelt Violation recorded on DOZ009 during active shift.,True
SE0054,2026-09-02 04:44:47,WHE044,OP087,High Vibration,MEDIUM,70.3,Safety rule triggered: High Vibration recorded on WHE044 during active shift.,False
SE0055,2026-09-04 01:23:47,EXC049,OP063,Proximity Hazard,MEDIUM,76.3,Safety rule triggered: Proximity Hazard recorded on EXC049 during active shift.,True
SE0056,2026-08-31 09:15:47,COM006,OP093,Proximity Hazard,MEDIUM,80.0,Safety rule triggered: Proximity Hazard recorded on COM006 during active shift.,True
SE0057,2026-09-02 00:38:47,GRA010,OP031,Seatbelt Violation,HIGH,78.7,Safety rule triggered: Seatbelt Violation recorded on GRA010 during active shift.,True
SE0058,2026-08-27 06:59:47,WHE002,OP036,Overheating,HIGH,68.0,Safety rule triggered: Overheating recorded on WHE002 during active shift.,True
SE0059,2026-08-25 20:57:47,DUM023,OP024,Excessive Idling,MEDIUM,42.4,Safety rule triggered: Excessive Idling recorded on DUM023 during active shift.,True
SE0060,2026-09-09 13:37:47,GRA010,OP071,High Fatigue,HIGH,69.7,Safety rule triggered: High Fatigue recorded on GRA010 during active shift.,False
SE0061,2026-09-12 08:53:47,COM012,OP086,Excessive Idling,MEDIUM,54.7,Safety rule triggered: Excessive Idling recorded on COM012 during active shift.,True
SE0062,2026-09-11 19:45:47,GRA004,OP068,High Vibration,HIGH,80.0,Safety rule triggered: High Vibration recorded on GRA004 during active shift.,False
SE0063,2026-09-05 13:34:47,GRA034,OP025,Proximity Hazard,CRITICAL,94.0,Safety rule triggered: Proximity Hazard recorded on GRA034 during active shift.,False
SE0064,2026-09-13 09:56:47,DUM023,OP038,High Fatigue,HIGH,64.1,Safety rule triggered: High Fatigue recorded on DUM023 during active shift.,True
SE0065,2026-09-10 11:17:47,DUM041,OP097,High Fatigue,MEDIUM,66.3,Safety rule triggered: High Fatigue recorded on DUM041 during active shift.,True
SE0066,2026-09-05 04:45:47,DUM041,OP011,Overheating,HIGH,68.3,Safety rule triggered: Overheating recorded on DUM041 during active shift.,False
SE0067,2026-09-07 13:57:47,EXC007,OP011,High Fatigue,HIGH,58.6,Safety rule triggered: High Fatigue recorded on EXC007 during active shift.,False
SE0068,2026-09-12 13:19:47,DUM023,OP046,High Fatigue,HIGH,68.4,Safety rule triggered: High Fatigue recorded on DUM023 during active shift.,True
SE0069,2026-09-01 11:36:47,DOZ045,OP059,Proximity Hazard,CRITICAL,97.0,Safety rule triggered: Proximity Hazard recorded on DOZ045 during active shift.,True
SE0070,2026-09-17 18:07:47,DOZ009,OP061,Excessive Idling,MEDIUM,48.2,Safety rule triggered: Excessive Idling recorded on DOZ009 during active shift.,True
SE0071,2026-09-17 04:14:47,DOZ027,OP059,Seatbelt Violation,HIGH,64.7,Safety rule triggered: Seatbelt Violation recorded on DOZ027 during active shift.,True
SE0072,2026-09-20 07:53:47,DUM017,OP050,Excessive Idling,MEDIUM,44.1,Safety rule triggered: Excessive Idling recorded on DUM017 during active shift.,True
SE0073,2026-08-27 20:26:47,EXC043,OP041,Seatbelt Violation,MEDIUM,65.7,Safety rule triggered: Seatbelt Violation recorded on EXC043 during active shift.,False
SE0074,2026-08-31 06:59:47,GRA028,OP093,High Fatigue,HIGH,76.1,Safety rule triggered: High Fatigue recorded on GRA028 during active shift.,True
SE0075,2026-09-17 22:12:47,DUM017,OP013,Excessive Idling,MEDIUM,52.4,Safety rule triggered: Excessive Idling recorded on DUM017 during active shift.,False
SE0076,2026-09-07 08:38:47,DOZ033,OP033,Seatbelt Violation,HIGH,61.5,Safety rule triggered: Seatbelt Violation recorded on DOZ033 during active shift.,True
SE0077,2026-09-11 07:13:47,COM042,OP057,Overheating,MEDIUM,91.8,Safety rule triggered: Overheating recorded on COM042 during active shift.,True
SE0078,2026-08-25 10:39:47,WHE038,OP080,Seatbelt Violation,HIGH,75.5,Safety rule triggered: Seatbelt Violation recorded on WHE038 during active shift.,True
SE0079,2026-09-20 16:05:47,EXC037,OP030,Excessive Idling,MEDIUM,46.6,Safety rule triggered: Excessive Idling recorded on EXC037 during active shift.,False
SE0080,2026-08-29 04:39:47,GRA016,OP003,Excessive Idling,MEDIUM,40.3,Safety rule triggered: Excessive Idling recorded on GRA016 during active shift.,True
SE0081,2026-08-24 10:09:47,DOZ039,OP044,Overheating,HIGH,73.1,Safety rule triggered: Overheating recorded on DOZ039 during active shift.,True
SE0082,2026-08-24 10:39:47,COM048,OP064,Excessive Idling,MEDIUM,45.4,Safety rule triggered: Excessive Idling recorded on COM048 during active shift.,False
SE0083,2026-09-01 01:25:47,GRA022,OP005,High Fatigue,HIGH,64.5,Safety rule triggered: High Fatigue recorded on GRA022 during active shift.,False
SE0084,2026-09-06 07:48:47,GRA040,OP076,High Vibration,MEDIUM,72.4,Safety rule triggered: High Vibration recorded on GRA040 during active shift.,True
SE0085,2026-08-30 22:23:47,WHE044,OP091,Proximity Hazard,CRITICAL,85.3,Safety rule triggered: Proximity Hazard recorded on WHE044 during active shift.,True
SE0086,2026-08-29 09:16:47,DOZ015,OP087,Excessive Idling,MEDIUM,42.7,Safety rule triggered: Excessive Idling recorded on DOZ015 during active shift.,True
SE0087,2026-09-15 04:51:47,EXC049,OP028,Proximity Hazard,CRITICAL,79.4,Safety rule triggered: Proximity Hazard recorded on EXC049 during active shift.,True
SE0088,2026-08-24 11:22:47,COM036,OP068,Overheating,HIGH,64.6,Safety rule triggered: Overheating recorded on COM036 during active shift.,True
SE0089,2026-08-27 09:35:47,DOZ033,OP045,High Fatigue,HIGH,66.7,Safety rule triggered: High Fatigue recorded on DOZ033 during active shift.,False
SE0090,2026-09-19 10:43:47,EXC019,OP084,High Vibration,HIGH,66.5,Safety rule triggered: High Vibration recorded on EXC019 during active shift.,True
SE0091,2026-08-28 04:24:47,COM024,OP078,Proximity Hazard,CRITICAL,85.8,Safety rule triggered: Proximity Hazard recorded on COM024 during active shift.,False
SE0092,2026-09-21 13:29:47,WHE020,OP047,Excessive Idling,MEDIUM,40.1,Safety rule triggered: Excessive Idling recorded on WHE020 during active shift.,False
SE0093,2026-08-29 04:34:47,COM036,OP023,Proximity Hazard,CRITICAL,86.2,Safety rule triggered: Proximity Hazard recorded on COM036 during active shift.,True
SE0094,2026-09-18 20:35:47,GRA016,OP033,Seatbelt Violation,HIGH,70.6,Safety rule triggered: Seatbelt Violation recorded on GRA016 during active shift.,True
SE0095,2026-09-08 23:45:47,WHE050,OP048,High Fatigue,HIGH,65.2,Safety rule triggered: High Fatigue recorded on WHE050 during active shift.,False
SE0096,2026-09-04 10:30:47,COM012,OP078,Excessive Idling,MEDIUM,38.7,Safety rule triggered: Excessive Idling recorded on COM012 during active shift.,True
SE0097,2026-09-13 16:31:47,GRA046,OP043,Seatbelt Violation,HIGH,70.9,Safety rule triggered: Seatbelt Violation recorded on GRA046 during active shift.,True
SE0098,2026-09-03 03:51:47,COM048,OP037,Seatbelt Violation,HIGH,58.0,Safety rule triggered: Seatbelt Violation recorded on COM048 during active shift.,False
SE0099,2026-08-27 05:45:47,COM006,OP067,Proximity Hazard,MEDIUM,85.5,Safety rule triggered: Proximity Hazard recorded on COM006 during active shift.,True
SE0100,2026-09-09 15:41:47,WHE020,OP032,High Vibration,HIGH,80.2,Safety rule triggered: High Vibration recorded on WHE020 during active shift.,True
SE0101,2026-08-26 11:22:47,DOZ015,OP011,High Fatigue,HIGH,61.2,Safety rule triggered: High Fatigue recorded on DOZ015 during active shift.,True
SE0102,2026-09-01 16:42:47,COM042,OP021,High Vibration,HIGH,72.7,Safety rule triggered: High Vibration recorded on COM042 during active shift.,False
SE0103,2026-09-01 14:45:47,EXC031,OP016,Excessive Idling,MEDIUM,50.3,Safety rule triggered: Excessive Idling recorded on EXC031 during active shift.,True
SE0104,2026-09-10 07:39:47,DOZ021,OP003,Seatbelt Violation,HIGH,70.9,Safety rule triggered: Seatbelt Violation recorded on DOZ021 during active shift.,False
SE0105,2026-08-23 13:42:47,WHE038,OP015,High Vibration,MEDIUM,81.3,Safety rule triggered: High Vibration recorded on WHE038 during active shift.,True
SE0106,2026-09-11 01:05:47,DOZ039,OP017,Excessive Idling,MEDIUM,48.4,Safety rule triggered: Excessive Idling recorded on DOZ039 during active shift.,True
SE0107,2026-08-27 07:09:47,DUM029,OP028,Seatbelt Violation,HIGH,79.5,Safety rule triggered: Seatbelt Violation recorded on DUM029 during active shift.,True
SE0108,2026-09-18 13:17:47,WHE008,OP055,Overheating,MEDIUM,81.4,Safety rule triggered: Overheating recorded on WHE008 during active shift.,False
SE0109,2026-09-21 19:29:47,COM006,OP096,Overheating,HIGH,81.8,Safety rule triggered: Overheating recorded on COM006 during active shift.,True
SE0110,2026-09-19 07:20:47,DOZ015,OP080,Excessive Idling,MEDIUM,54.9,Safety rule triggered: Excessive Idling recorded on DOZ015 during active shift.,True
SE0111,2026-09-15 23:07:47,WHE038,OP071,Seatbelt Violation,HIGH,69.0,Safety rule triggered: Seatbelt Violation recorded on WHE038 during active shift.,False
SE0112,2026-09-09 05:14:47,DUM005,OP042,Overheating,HIGH,74.3,Safety rule triggered: Overheating recorded on DUM005 during active shift.,True
SE0113,2026-08-29 20:09:47,COM030,OP056,High Vibration,HIGH,79.7,Safety rule triggered: High Vibration recorded on COM030 during active shift.,True
SE0114,2026-09-12 08:00:47,WHE050,OP004,Seatbelt Violation,HIGH,73.3,Safety rule triggered: Seatbelt Violation recorded on WHE050 during active shift.,True
SE0115,2026-09-08 20:02:47,DOZ033,OP088,Overheating,HIGH,72.6,Safety rule triggered: Overheating recorded on DOZ033 during active shift.,False
SE0116,2026-09-14 00:51:47,DUM029,OP083,Seatbelt Violation,HIGH,69.5,Safety rule triggered: Seatbelt Violation recorded on DUM029 during active shift.,True
SE0117,2026-08-28 09:55:47,COM048,OP080,Overheating,HIGH,76.9,Safety rule triggered: Overheating recorded on COM048 during active shift.,True
SE0118,2026-09-15 03:19:47,EXC013,OP008,High Fatigue,MEDIUM,60.4,Safety rule triggered: High Fatigue recorded on EXC013 during active shift.,True
SE0119,2026-08-29 06:37:47,GRA004,OP002,High Fatigue,HIGH,64.9,Safety rule triggered: High Fatigue recorded on GRA004 during active shift.,False
SE0120,2026-09-02 23:48:47,DOZ009,OP100,Seatbelt Violation,HIGH,70.8,Safety rule triggered: Seatbelt Violation recorded on DOZ009 during active shift.,True
SE0121,2026-09-05 19:48:47,GRA034,OP032,High Vibration,HIGH,71.6,Safety rule triggered: High Vibration recorded on GRA034 during active shift.,True
SE0122,2026-08-26 05:24:47,GRA040,OP005,Overheating,HIGH,77.9,Safety rule triggered: Overheating recorded on GRA040 during active shift.,True
SE0123,2026-09-12 10:47:47,WHE020,OP082,High Vibration,HIGH,69.8,Safety rule triggered: High Vibration recorded on WHE020 during active shift.,False
SE0124,2026-09-06 23:02:47,DOZ039,OP041,Proximity Hazard,CRITICAL,80.3,Safety rule triggered: Proximity Hazard recorded on DOZ039 during active shift.,True
SE0125,2026-09-22 04:34:47,EXC049,OP051,Excessive Idling,MEDIUM,47.7,Safety rule triggered: Excessive Idling recorded on EXC049 during active shift.,True
SE0126,2026-09-15 12:23:47,WHE050,OP007,High Vibration,HIGH,69.3,Safety rule triggered: High Vibration recorded on WHE050 during active shift.,True
SE0127,2026-08-29 05:39:47,WHE050,OP093,Overheating,HIGH,80.7,Safety rule triggered: Overheating recorded on WHE050 during active shift.,False
SE0128,2026-08-31 21:00:47,DOZ027,OP088,High Fatigue,HIGH,61.5,Safety rule triggered: High Fatigue recorded on DOZ027 during active shift.,False
SE0129,2026-09-03 10:20:47,DUM023,OP039,High Vibration,HIGH,71.1,Safety rule triggered: High Vibration recorded on DUM023 during active shift.,True
SE0130,2026-09-19 04:29:47,GRA046,OP093,Overheating,HIGH,78.5,Safety rule triggered: Overheating recorded on GRA046 during active shift.,True
SE0131,2026-09-20 11:09:47,DUM035,OP065,Excessive Idling,MEDIUM,49.5,Safety rule triggered: Excessive Idling recorded on DUM035 during active shift.,True
SE0132,2026-09-02 08:10:47,GRA016,OP071,Seatbelt Violation,HIGH,70.0,Safety rule triggered: Seatbelt Violation recorded on GRA016 during active shift.,False
SE0133,2026-09-22 01:58:47,COM012,OP010,Excessive Idling,MEDIUM,46.0,Safety rule triggered: Excessive Idling recorded on COM012 during active shift.,False
SE0134,2026-09-14 23:52:47,GRA016,OP032,Seatbelt Violation,HIGH,80.2,Safety rule triggered: Seatbelt Violation recorded on GRA016 during active shift.,False
SE0135,2026-09-14 07:13:47,EXC007,OP070,Seatbelt Violation,HIGH,65.8,Safety rule triggered: Seatbelt Violation recorded on EXC007 during active shift.,True
SE0136,2026-09-15 18:24:47,EXC001,OP013,Proximity Hazard,MEDIUM,86.8,Safety rule triggered: Proximity Hazard recorded on EXC001 during active shift.,True
SE0137,2026-09-12 04:37:47,COM036,OP022,High Vibration,HIGH,69.1,Safety rule triggered: High Vibration recorded on COM036 during active shift.,True
SE0138,2026-09-06 05:57:47,DOZ003,OP099,Proximity Hazard,CRITICAL,81.2,Safety rule triggered: Proximity Hazard recorded on DOZ003 during active shift.,False
SE0139,2026-08-25 13:44:47,DUM047,OP010,High Vibration,HIGH,73.5,Safety rule triggered: High Vibration recorded on DUM047 during active shift.,False
SE0140,2026-08-30 14:56:47,GRA034,OP016,Excessive Idling,MEDIUM,46.6,Safety rule triggered: Excessive Idling recorded on GRA034 during active shift.,True
SE0141,2026-08-28 12:22:47,DOZ015,OP054,Excessive Idling,MEDIUM,41.3,Safety rule triggered: Excessive Idling recorded on DOZ015 during active shift.,True
SE0142,2026-09-01 13:53:47,DUM035,OP073,Proximity Hazard,CRITICAL,77.0,Safety rule triggered: Proximity Hazard recorded on DUM035 during active shift.,False
SE0143,2026-08-23 20:20:47,COM006,OP084,High Vibration,HIGH,74.6,Safety rule triggered: High Vibration recorded on COM006 during active shift.,True
SE0144,2026-09-04 12:15:47,COM048,OP049,Proximity Hazard,CRITICAL,86.9,Safety rule triggered: Proximity Hazard recorded on COM048 during active shift.,True
SE0145,2026-09-05 02:13:47,COM048,OP066,Excessive Idling,MEDIUM,44.6,Safety rule triggered: Excessive Idling recorded on COM048 during active shift.,True
SE0146,2026-09-08 06:23:47,WHE032,OP055,High Vibration,MEDIUM,78.4,Safety rule triggered: High Vibration recorded on WHE032 during active shift.,True
SE0147,2026-09-12 08:15:47,DOZ003,OP003,Seatbelt Violation,HIGH,72.1,Safety rule triggered: Seatbelt Violation recorded on DOZ003 during active shift.,False
SE0148,2026-09-01 09:16:47,DUM017,OP090,Seatbelt Violation,HIGH,71.6,Safety rule triggered: Seatbelt Violation recorded on DUM017 during active shift.,True
SE0149,2026-09-09 08:47:47,EXC031,OP002,Seatbelt Violation,HIGH,66.3,Safety rule triggered: Seatbelt Violation recorded on EXC031 during active shift.,False
SE0150,2026-09-06 00:13:47,GRA016,OP035,Excessive Idling,MEDIUM,44.6,Safety rule triggered: Excessive Idling recorded on GRA016 during active shift.,True
SE0151,2026-09-05 15:58:47,COM042,OP086,Seatbelt Violation,MEDIUM,69.8,Safety rule triggered: Seatbelt Violation recorded on COM042 during active shift.,False
SE0152,2026-09-16 21:01:47,EXC007,OP024,High Fatigue,HIGH,71.1,Safety rule triggered: High Fatigue recorded on EXC007 during active shift.,True
SE0153,2026-09-21 08:55:47,GRA034,OP048,Seatbelt Violation,MEDIUM,68.7,Safety rule triggered: Seatbelt Violation recorded on GRA034 during active shift.,True
SE0154,2026-09-04 03:38:47,EXC049,OP011,Overheating,MEDIUM,84.5,Safety rule triggered: Overheating recorded on EXC049 during active shift.,True
SE0155,2026-09-15 00:16:47,WHE020,OP047,High Vibration,MEDIUM,68.6,Safety rule triggered: High Vibration recorded on WHE020 during active shift.,False
SE0156,2026-09-18 15:37:47,DOZ039,OP061,Excessive Idling,MEDIUM,41.8,Safety rule triggered: Excessive Idling recorded on DOZ039 during active shift.,True
SE0157,2026-09-11 08:45:47,DUM023,OP044,Excessive Idling,MEDIUM,41.7,Safety rule triggered: Excessive Idling recorded on DUM023 during active shift.,True
SE0158,2026-09-09 19:40:47,COM012,OP059,Overheating,HIGH,84.8,Safety rule triggered: Overheating recorded on COM012 during active shift.,True
SE0159,2026-09-08 13:19:47,GRA016,OP057,Seatbelt Violation,HIGH,74.6,Safety rule triggered: Seatbelt Violation recorded on GRA016 during active shift.,True
SE0160,2026-09-01 19:34:47,DOZ045,OP097,Seatbelt Violation,HIGH,69.5,Safety rule triggered: Seatbelt Violation recorded on DOZ045 during active shift.,True
SE0161,2026-09-18 22:09:47,DOZ027,OP097,Overheating,MEDIUM,69.9,Safety rule triggered: Overheating recorded on DOZ027 during active shift.,True
SE0162,2026-09-11 09:02:47,WHE038,OP046,Proximity Hazard,CRITICAL,80.9,Safety rule triggered: Proximity Hazard recorded on WHE038 during active shift.,True
SE0163,2026-08-29 23:39:47,COM048,OP052,Proximity Hazard,CRITICAL,79.0,Safety rule triggered: Proximity Hazard recorded on COM048 during active shift.,True
SE0164,2026-08-24 11:49:47,DUM035,OP029,Excessive Idling,MEDIUM,41.5,Safety rule triggered: Excessive Idling recorded on DUM035 during active shift.,False
SE0165,2026-09-16 21:01:47,COM024,OP064,High Fatigue,MEDIUM,64.6,Safety rule triggered: High Fatigue recorded on COM024 during active shift.,False
SE0166,2026-08-26 18:46:47,EXC013,OP070,Seatbelt Violation,HIGH,65.7,Safety rule triggered: Seatbelt Violation recorded on EXC013 during active shift.,True
SE0167,2026-08-28 11:05:47,COM048,OP037,Excessive Idling,MEDIUM,48.6,Safety rule triggered: Excessive Idling recorded on COM048 during active shift.,False
SE0168,2026-09-16 13:13:47,DUM047,OP018,Proximity Hazard,CRITICAL,82.3,Safety rule triggered: Proximity Hazard recorded on DUM047 during active shift.,True
SE0169,2026-08-24 02:49:47,GRA046,OP098,High Vibration,MEDIUM,68.1,Safety rule triggered: High Vibration recorded on GRA046 during active shift.,True
SE0170,2026-09-14 02:32:47,EXC025,OP009,High Vibration,MEDIUM,68.8,Safety rule triggered: High Vibration recorded on EXC025 during active shift.,False
SE0171,2026-09-07 22:12:47,EXC025,OP023,Excessive Idling,MEDIUM,50.7,Safety rule triggered: Excessive Idling recorded on EXC025 during active shift.,True
SE0172,2026-09-23 02:33:47,DUM047,OP028,Proximity Hazard,CRITICAL,89.9,Safety rule triggered: Proximity Hazard recorded on DUM047 during active shift.,True
SE0173,2026-08-28 21:04:47,WHE008,OP010,High Vibration,HIGH,73.0,Safety rule triggered: High Vibration recorded on WHE008 during active shift.,True
SE0174,2026-09-02 02:30:47,WHE050,OP013,Excessive Idling,MEDIUM,46.5,Safety rule triggered: Excessive Idling recorded on WHE050 during active shift.,True
SE0175,2026-09-19 23:53:47,DUM041,OP086,Proximity Hazard,MEDIUM,85.1,Safety rule triggered: Proximity Hazard recorded on DUM041 during active shift.,False
SE0176,2026-09-16 08:50:47,EXC019,OP066,Proximity Hazard,CRITICAL,93.0,Safety rule triggered: Proximity Hazard recorded on EXC019 during active shift.,False
SE0177,2026-08-30 22:17:47,WHE026,OP069,Overheating,HIGH,77.1,Safety rule triggered: Overheating recorded on WHE026 during active shift.,False
SE0178,2026-09-08 11:45:47,DOZ027,OP034,Proximity Hazard,MEDIUM,95.1,Safety rule triggered: Proximity Hazard recorded on DOZ027 during active shift.,False
SE0179,2026-09-10 18:17:47,EXC025,OP041,High Fatigue,HIGH,64.6,Safety rule triggered: High Fatigue recorded on EXC025 during active shift.,True
SE0180,2026-09-06 20:11:47,EXC025,OP076,Overheating,HIGH,73.6,Safety rule triggered: Overheating recorded on EXC025 during active shift.,False
SE0181,2026-09-05 17:36:47,WHE014,OP049,Seatbelt Violation,HIGH,73.6,Safety rule triggered: Seatbelt Violation recorded on WHE014 during active shift.,True
SE0182,2026-09-14 18:12:47,EXC001,OP004,Proximity Hazard,CRITICAL,88.0,Safety rule triggered: Proximity Hazard recorded on EXC001 during active shift.,False
SE0183,2026-09-03 14:48:47,WHE032,OP088,Proximity Hazard,MEDIUM,80.2,Safety rule triggered: Proximity Hazard recorded on WHE032 during active shift.,False
SE0184,2026-09-15 13:07:47,WHE026,OP094,Proximity Hazard,CRITICAL,93.3,Safety rule triggered: Proximity Hazard recorded on WHE026 during active shift.,True
SE0185,2026-09-05 06:30:47,EXC049,OP045,Seatbelt Violation,HIGH,68.0,Safety rule triggered: Seatbelt Violation recorded on EXC049 during active shift.,False
SE0186,2026-08-23 16:24:47,GRA010,OP100,High Vibration,HIGH,74.4,Safety rule triggered: High Vibration recorded on GRA010 during active shift.,False
SE0187,2026-09-17 20:12:47,EXC043,OP083,Seatbelt Violation,HIGH,75.7,Safety rule triggered: Seatbelt Violation recorded on EXC043 during active shift.,False
SE0188,2026-09-04 05:04:47,EXC025,OP043,Seatbelt Violation,HIGH,75.1,Safety rule triggered: Seatbelt Violation recorded on EXC025 during active shift.,True
SE0189,2026-08-25 03:39:47,DUM005,OP006,High Fatigue,HIGH,67.6,Safety rule triggered: High Fatigue recorded on DUM005 during active shift.,True
SE0190,2026-08-24 13:16:47,EXC025,OP096,Seatbelt Violation,HIGH,68.2,Safety rule triggered: Seatbelt Violation recorded on EXC025 during active shift.,True
SE0191,2026-09-20 18:08:47,WHE038,OP013,Proximity Hazard,MEDIUM,91.1,Safety rule triggered: Proximity Hazard recorded on WHE038 during active shift.,True
SE0192,2026-09-07 07:19:47,DUM011,OP017,Excessive Idling,MEDIUM,41.5,Safety rule triggered: Excessive Idling recorded on DUM011 during active shift.,True
SE0193,2026-09-07 06:06:47,EXC031,OP016,High Fatigue,HIGH,64.3,Safety rule triggered: High Fatigue recorded on EXC031 during active shift.,True
SE0194,2026-09-19 21:26:47,COM006,OP069,Seatbelt Violation,HIGH,66.7,Safety rule triggered: Seatbelt Violation recorded on COM006 during active shift.,True
SE0195,2026-08-23 23:00:47,WHE038,OP099,High Vibration,HIGH,65.9,Safety rule triggered: High Vibration recorded on WHE038 during active shift.,True
SE0196,2026-09-12 13:34:47,GRA004,OP062,High Vibration,MEDIUM,64.2,Safety rule triggered: High Vibration recorded on GRA004 during active shift.,True
SE0197,2026-08-30 18:54:47,GRA034,OP079,Excessive Idling,MEDIUM,38.5,Safety rule triggered: Excessive Idling recorded on GRA034 during active shift.,False
SE0198,2026-09-08 02:57:47,DUM017,OP074,High Vibration,HIGH,74.7,Safety rule triggered: High Vibration recorded on DUM017 during active shift.,False
SE0199,2026-09-03 16:11:47,GRA040,OP058,Overheating,HIGH,80.2,Safety rule triggered: Overheating recorded on GRA040 during active shift.,False
SE0200,2026-08-25 08:04:47,DOZ021,OP021,Seatbelt Violation,HIGH,71.4,Safety rule triggered: Seatbelt Violation recorded on DOZ021 during active shift.,True
SE0201,2026-09-20 03:09:47,WHE032,OP016,Seatbelt Violation,HIGH,69.7,Safety rule triggered: Seatbelt Violation recorded on WHE032 during active shift.,False
SE0202,2026-09-10 00:32:47,DOZ027,OP043,Overheating,HIGH,73.0,Safety rule triggered: Overheating recorded on DOZ027 during active shift.,False
SE0203,2026-09-05 15:31:47,COM048,OP013,Overheating,MEDIUM,76.6,Safety rule triggered: Overheating recorded on COM048 during active shift.,True
SE0204,2026-08-24 12:21:47,EXC043,OP014,Overheating,HIGH,64.2,Safety rule triggered: Overheating recorded on EXC043 during active shift.,True
SE0205,2026-09-16 15:06:47,DUM005,OP064,Excessive Idling,MEDIUM,44.8,Safety rule triggered: Excessive Idling recorded on DUM005 during active shift.,True
SE0206,2026-09-10 04:22:47,GRA046,OP041,High Vibration,HIGH,78.7,Safety rule triggered: High Vibration recorded on GRA046 during active shift.,True
SE0207,2026-08-28 09:28:47,DOZ027,OP026,Seatbelt Violation,HIGH,69.8,Safety rule triggered: Seatbelt Violation recorded on DOZ027 during active shift.,False
SE0208,2026-08-24 00:10:47,DOZ039,OP060,Proximity Hazard,CRITICAL,84.2,Safety rule triggered: Proximity Hazard recorded on DOZ039 during active shift.,False
SE0209,2026-08-30 22:32:47,DUM029,OP023,High Fatigue,HIGH,63.9,Safety rule triggered: High Fatigue recorded on DUM029 during active shift.,True
SE0210,2026-09-13 15:54:47,DOZ027,OP077,Seatbelt Violation,HIGH,66.2,Safety rule triggered: Seatbelt Violation recorded on DOZ027 during active shift.,True
SE0211,2026-08-24 17:32:47,WHE014,OP063,Excessive Idling,MEDIUM,47.9,Safety rule triggered: Excessive Idling recorded on WHE014 during active shift.,True
SE0212,2026-09-05 05:28:47,DUM005,OP012,Overheating,HIGH,81.8,Safety rule triggered: Overheating recorded on DUM005 during active shift.,False
SE0213,2026-09-04 14:33:47,DOZ045,OP091,Overheating,HIGH,70.9,Safety rule triggered: Overheating recorded on DOZ045 during active shift.,False
SE0214,2026-09-10 18:34:47,WHE038,OP007,Overheating,HIGH,79.1,Safety rule triggered: Overheating recorded on WHE038 during active shift.,False
SE0215,2026-09-20 05:36:47,DOZ045,OP007,Proximity Hazard,CRITICAL,82.8,Safety rule triggered: Proximity Hazard recorded on DOZ045 during active shift.,True
SE0216,2026-09-20 22:08:47,EXC001,OP064,High Vibration,HIGH,71.3,Safety rule triggered: High Vibration recorded on EXC001 during active shift.,True
SE0217,2026-08-28 13:21:47,DUM023,OP025,Excessive Idling,MEDIUM,42.1,Safety rule triggered: Excessive Idling recorded on DUM023 during active shift.,True
SE0218,2026-09-11 05:06:47,DUM011,OP015,High Vibration,HIGH,78.7,Safety rule triggered: High Vibration recorded on DUM011 during active shift.,True
SE0219,2026-08-25 08:34:47,EXC013,OP054,High Vibration,HIGH,74.6,Safety rule triggered: High Vibration recorded on EXC013 during active shift.,False
SE0220,2026-09-03 18:41:47,DUM005,OP061,Proximity Hazard,CRITICAL,81.8,Safety rule triggered: Proximity Hazard recorded on DUM005 during active shift.,True
SE0221,2026-09-22 11:08:47,COM018,OP075,High Fatigue,MEDIUM,61.1,Safety rule triggered: High Fatigue recorded on COM018 during active shift.,True
SE0222,2026-08-28 10:45:47,DOZ045,OP078,High Fatigue,HIGH,64.3,Safety rule triggered: High Fatigue recorded on DOZ045 during active shift.,True
SE0223,2026-09-17 16:09:47,EXC031,OP087,Proximity Hazard,CRITICAL,74.1,Safety rule triggered: Proximity Hazard recorded on EXC031 during active shift.,False
SE0224,2026-09-11 19:04:47,COM048,OP038,High Fatigue,HIGH,67.6,Safety rule triggered: High Fatigue recorded on COM048 during active shift.,True
SE0225,2026-09-12 12:57:47,DOZ033,OP029,High Fatigue,HIGH,63.6,Safety rule triggered: High Fatigue recorded on DOZ033 during active shift.,True
SE0226,2026-09-03 16:40:47,GRA016,OP088,Excessive Idling,MEDIUM,43.5,Safety rule triggered: Excessive Idling recorded on GRA016 during active shift.,False
SE0227,2026-09-18 20:14:47,EXC049,OP016,Overheating,HIGH,70.6,Safety rule triggered: Overheating recorded on EXC049 during active shift.,True
SE0228,2026-09-03 15:06:47,DUM047,OP028,High Fatigue,MEDIUM,66.0,Safety rule triggered: High Fatigue recorded on DUM047 during active shift.,True
SE0229,2026-08-30 01:00:47,GRA010,OP042,Proximity Hazard,CRITICAL,88.4,Safety rule triggered: Proximity Hazard recorded on GRA010 during active shift.,True
SE0230,2026-09-20 16:11:47,DUM029,OP035,Seatbelt Violation,MEDIUM,67.8,Safety rule triggered: Seatbelt Violation recorded on DUM029 during active shift.,True
SE0231,2026-09-12 17:38:47,COM048,OP024,High Vibration,MEDIUM,72.7,Safety rule triggered: High Vibration recorded on COM048 during active shift.,True
SE0232,2026-08-28 04:00:47,DUM041,OP095,Seatbelt Violation,HIGH,63.5,Safety rule triggered: Seatbelt Violation recorded on DUM041 during active shift.,False
SE0233,2026-08-26 09:03:47,DOZ027,OP023,Excessive Idling,MEDIUM,40.1,Safety rule triggered: Excessive Idling recorded on DOZ027 during active shift.,True
SE0234,2026-09-16 22:49:47,COM012,OP091,High Vibration,HIGH,73.0,Safety rule triggered: High Vibration recorded on COM012 during active shift.,False
SE0235,2026-09-05 23:11:47,WHE008,OP090,Seatbelt Violation,MEDIUM,62.7,Safety rule triggered: Seatbelt Violation recorded on WHE008 during active shift.,True
SE0236,2026-09-15 00:27:47,EXC037,OP077,Proximity Hazard,MEDIUM,86.1,Safety rule triggered: Proximity Hazard recorded on EXC037 during active shift.,True
SE0237,2026-08-30 17:44:47,EXC007,OP027,High Fatigue,MEDIUM,63.0,Safety rule triggered: High Fatigue recorded on EXC007 during active shift.,True
SE0238,2026-09-20 01:58:47,DOZ021,OP030,High Fatigue,HIGH,74.6,Safety rule triggered: High Fatigue recorded on DOZ021 during active shift.,True
SE0239,2026-09-21 16:05:47,WHE014,OP100,Excessive Idling,MEDIUM,52.2,Safety rule triggered: Excessive Idling recorded on WHE014 during active shift.,False
SE0240,2026-08-28 20:37:47,EXC001,OP099,Proximity Hazard,MEDIUM,87.3,Safety rule triggered: Proximity Hazard recorded on EXC001 during active shift.,False
SE0241,2026-09-02 01:09:47,WHE026,OP067,Overheating,HIGH,80.6,Safety rule triggered: Overheating recorded on WHE026 during active shift.,False
SE0242,2026-09-04 22:03:47,DOZ003,OP084,Overheating,MEDIUM,77.5,Safety rule triggered: Overheating recorded on DOZ003 during active shift.,True
SE0243,2026-09-11 16:54:47,EXC043,OP040,High Vibration,MEDIUM,73.5,Safety rule triggered: High Vibration recorded on EXC043 during active shift.,True
SE0244,2026-09-03 03:12:47,COM030,OP018,Overheating,HIGH,73.9,Safety rule triggered: Overheating recorded on COM030 during active shift.,False
SE0245,2026-08-30 15:49:47,DOZ003,OP072,High Vibration,HIGH,73.7,Safety rule triggered: High Vibration recorded on DOZ003 during active shift.,False
SE0246,2026-09-19 20:57:47,COM012,OP090,Overheating,MEDIUM,78.7,Safety rule triggered: Overheating recorded on COM012 during active shift.,False
SE0247,2026-08-26 06:15:47,DUM041,OP100,Excessive Idling,MEDIUM,39.6,Safety rule triggered: Excessive Idling recorded on DUM041 during active shift.,False
SE0248,2026-08-25 09:30:47,COM042,OP098,High Fatigue,HIGH,70.3,Safety rule triggered: High Fatigue recorded on COM042 during active shift.,False
SE0249,2026-09-21 10:24:47,WHE026,OP066,Excessive Idling,MEDIUM,50.7,Safety rule triggered: Excessive Idling recorded on WHE026 during active shift.,True
SE0250,2026-09-08 06:07:47,WHE014,OP080,Proximity Hazard,CRITICAL,80.6,Safety rule triggered: Proximity Hazard recorded on WHE014 during active shift.,True
SE0251,2026-09-07 13:02:47,DUM029,OP004,Excessive Idling,MEDIUM,39.8,Safety rule triggered: Excessive Idling recorded on DUM029 during active shift.,True
SE0252,2026-09-02 04:57:47,WHE008,OP062,Proximity Hazard,CRITICAL,83.2,Safety rule triggered: Proximity Hazard recorded on WHE008 during active shift.,True
SE0253,2026-09-01 06:31:47,EXC019,OP002,High Vibration,HIGH,74.4,Safety rule triggered: High Vibration recorded on EXC019 during active shift.,True
SE0254,2026-09-17 14:37:47,DOZ009,OP084,High Fatigue,HIGH,70.6,Safety rule triggered: High Fatigue recorded on DOZ009 during active shift.,True
SE0255,2026-09-19 13:11:47,COM048,OP035,Proximity Hazard,CRITICAL,84.3,Safety rule triggered: Proximity Hazard recorded on COM048 during active shift.,False
SE0256,2026-09-16 10:35:47,GRA034,OP093,Overheating,MEDIUM,71.7,Safety rule triggered: Overheating recorded on GRA034 during active shift.,True
SE0257,2026-09-18 04:40:47,WHE044,OP032,Excessive Idling,MEDIUM,48.1,Safety rule triggered: Excessive Idling recorded on WHE044 during active shift.,True
SE0258,2026-08-26 12:11:47,DOZ021,OP040,Excessive Idling,MEDIUM,44.4,Safety rule triggered: Excessive Idling recorded on DOZ021 during active shift.,True
SE0259,2026-09-03 02:06:47,DUM035,OP013,Seatbelt Violation,HIGH,66.4,Safety rule triggered: Seatbelt Violation recorded on DUM035 during active shift.,True
SE0260,2026-09-13 17:48:47,COM018,OP022,High Fatigue,HIGH,61.0,Safety rule triggered: High Fatigue recorded on COM018 during active shift.,True
SE0261,2026-09-02 11:37:47,GRA010,OP086,High Fatigue,HIGH,69.6,Safety rule triggered: High Fatigue recorded on GRA010 during active shift.,True
SE0262,2026-09-16 00:07:47,DOZ045,OP036,Proximity Hazard,CRITICAL,77.5,Safety rule triggered: Proximity Hazard recorded on DOZ045 during active shift.,False
SE0263,2026-09-13 21:41:47,DOZ045,OP077,Seatbelt Violation,MEDIUM,78.0,Safety rule triggered: Seatbelt Violation recorded on DOZ045 during active shift.,False
SE0264,2026-08-26 09:34:47,DUM023,OP090,Excessive Idling,MEDIUM,47.5,Safety rule triggered: Excessive Idling recorded on DUM023 during active shift.,False
SE0265,2026-09-06 22:08:47,EXC043,OP095,Seatbelt Violation,HIGH,68.5,Safety rule triggered: Seatbelt Violation recorded on EXC043 during active shift.,True
SE0266,2026-09-10 03:19:47,DUM005,OP044,High Vibration,HIGH,75.3,Safety rule triggered: High Vibration recorded on DUM005 during active shift.,True
SE0267,2026-09-14 09:09:47,GRA040,OP074,Seatbelt Violation,HIGH,59.6,Safety rule triggered: Seatbelt Violation recorded on GRA040 during active shift.,False
SE0268,2026-09-16 15:29:47,WHE032,OP045,High Fatigue,HIGH,61.6,Safety rule triggered: High Fatigue recorded on WHE032 during active shift.,False
SE0269,2026-09-21 06:06:47,GRA040,OP091,Overheating,HIGH,83.2,Safety rule triggered: Overheating recorded on GRA040 during active shift.,True
SE0270,2026-09-13 14:57:47,DOZ003,OP041,Excessive Idling,MEDIUM,47.4,Safety rule triggered: Excessive Idling recorded on DOZ003 during active shift.,True
SE0271,2026-09-20 13:19:47,WHE020,OP042,Proximity Hazard,CRITICAL,81.9,Safety rule triggered: Proximity Hazard recorded on WHE020 during active shift.,True
SE0272,2026-09-07 06:34:47,GRA040,OP008,High Vibration,MEDIUM,66.8,Safety rule triggered: High Vibration recorded on GRA040 during active shift.,True
SE0273,2026-08-26 10:16:47,DUM005,OP086,Excessive Idling,MEDIUM,49.1,Safety rule triggered: Excessive Idling recorded on DUM005 during active shift.,False
SE0274,2026-09-12 23:35:47,COM042,OP026,Seatbelt Violation,HIGH,73.0,Safety rule triggered: Seatbelt Violation recorded on COM042 during active shift.,True
SE0275,2026-09-17 16:57:47,GRA040,OP035,High Fatigue,HIGH,60.0,Safety rule triggered: High Fatigue recorded on GRA040 during active shift.,True
SE0276,2026-09-03 06:43:47,COM012,OP005,Overheating,HIGH,72.2,Safety rule triggered: Overheating recorded on COM012 during active shift.,False
SE0277,2026-08-31 23:39:47,EXC031,OP049,Proximity Hazard,CRITICAL,85.9,Safety rule triggered: Proximity Hazard recorded on EXC031 during active shift.,False
SE0278,2026-08-24 22:13:47,WHE038,OP085,Excessive Idling,MEDIUM,47.6,Safety rule triggered: Excessive Idling recorded on WHE038 during active shift.,True
SE0279,2026-09-17 17:13:47,COM012,OP100,Overheating,HIGH,69.1,Safety rule triggered: Overheating recorded on COM012 during active shift.,False
SE0280,2026-09-05 23:35:47,DOZ015,OP030,High Fatigue,HIGH,62.5,Safety rule triggered: High Fatigue recorded on DOZ015 during active shift.,True
SE0281,2026-09-21 10:27:47,EXC037,OP033,Seatbelt Violation,HIGH,65.2,Safety rule triggered: Seatbelt Violation recorded on EXC037 during active shift.,True
SE0282,2026-09-16 15:54:47,DUM035,OP097,High Vibration,HIGH,69.7,Safety rule triggered: High Vibration recorded on DUM035 during active shift.,False
SE0283,2026-08-29 04:48:47,WHE002,OP080,High Vibration,HIGH,69.8,Safety rule triggered: High Vibration recorded on WHE002 during active shift.,False
SE0284,2026-09-02 15:08:47,DOZ009,OP036,High Fatigue,HIGH,65.6,Safety rule triggered: High Fatigue recorded on DOZ009 during active shift.,True
SE0285,2026-09-10 22:11:47,EXC019,OP001,Proximity Hazard,MEDIUM,78.3,Safety rule triggered: Proximity Hazard recorded on EXC019 during active shift.,True
SE0286,2026-08-31 06:16:47,COM012,OP066,High Vibration,MEDIUM,72.6,Safety rule triggered: High Vibration recorded on COM012 during active shift.,True
SE0287,2026-09-17 02:26:47,DOZ027,OP025,High Fatigue,HIGH,71.5,Safety rule triggered: High Fatigue recorded on DOZ027 during active shift.,True
SE0288,2026-09-04 04:49:47,GRA034,OP069,High Vibration,HIGH,70.9,Safety rule triggered: High Vibration recorded on GRA034 during active shift.,False
SE0289,2026-09-08 00:01:47,DUM017,OP027,Proximity Hazard,CRITICAL,79.4,Safety rule triggered: Proximity Hazard recorded on DUM017 during active shift.,True
SE0290,2026-09-10 21:47:47,COM048,OP068,Seatbelt Violation,HIGH,66.4,Safety rule triggered: Seatbelt Violation recorded on COM048 during active shift.,True
SE0291,2026-09-21 19:21:47,DUM017,OP094,Overheating,HIGH,78.0,Safety rule triggered: Overheating recorded on DUM017 during active shift.,True
SE0292,2026-08-29 02:51:47,WHE050,OP047,Excessive Idling,MEDIUM,46.1,Safety rule triggered: Excessive Idling recorded on WHE050 during active shift.,True
SE0293,2026-08-30 17:29:47,EXC019,OP032,Proximity Hazard,CRITICAL,83.0,Safety rule triggered: Proximity Hazard recorded on EXC019 during active shift.,False
SE0294,2026-08-24 08:07:47,EXC025,OP080,Proximity Hazard,CRITICAL,84.4,Safety rule triggered: Proximity Hazard recorded on EXC025 during active shift.,True
SE0295,2026-09-22 21:19:47,GRA022,OP044,Overheating,HIGH,81.3,Safety rule triggered: Overheating recorded on GRA022 during active shift.,False
SE0296,2026-08-28 11:56:47,WHE014,OP044,High Fatigue,HIGH,69.8,Safety rule triggered: High Fatigue recorded on WHE014 during active shift.,True
SE0297,2026-08-29 17:35:47,DUM023,OP021,Overheating,HIGH,66.8,Safety rule triggered: Overheating recorded on DUM023 during active shift.,True
SE0298,2026-09-11 15:54:47,GRA034,OP080,High Vibration,HIGH,70.3,Safety rule triggered: High Vibration recorded on GRA034 during active shift.,True
SE0299,2026-08-27 12:24:47,EXC031,OP081,High Fatigue,HIGH,65.4,Safety rule triggered: High Fatigue recorded on EXC031 during active shift.,True
SE0300,2026-08-28 16:01:47,EXC037,OP055,Proximity Hazard,CRITICAL,82.6,Safety rule triggered: Proximity Hazard recorded on EXC037 during active shift.,True
SE0301,2026-09-17 01:40:47,EXC019,OP042,Excessive Idling,MEDIUM,50.2,Safety rule triggered: Excessive Idling recorded on EXC019 during active shift.,True
SE0302,2026-09-11 01:28:47,EXC007,OP061,Overheating,MEDIUM,86.2,Safety rule triggered: Overheating recorded on EXC007 during active shift.,False
SE0303,2026-09-19 17:55:47,DUM017,OP059,Seatbelt Violation,HIGH,73.4,Safety rule triggered: Seatbelt Violation recorded on DUM017 during active shift.,True
SE0304,2026-09-21 16:28:47,EXC013,OP001,Overheating,MEDIUM,69.2,Safety rule triggered: Overheating recorded on EXC013 during active shift.,True
SE0305,2026-09-18 17:53:47,GRA022,OP036,Overheating,HIGH,71.0,Safety rule triggered: Overheating recorded on GRA022 during active shift.,True
SE0306,2026-08-25 03:18:47,COM030,OP028,Overheating,MEDIUM,75.9,Safety rule triggered: Overheating recorded on COM030 during active shift.,True
SE0307,2026-09-03 14:39:47,COM048,OP094,High Fatigue,HIGH,72.6,Safety rule triggered: High Fatigue recorded on COM048 during active shift.,True
SE0308,2026-09-06 21:52:47,EXC043,OP049,Excessive Idling,MEDIUM,48.5,Safety rule triggered: Excessive Idling recorded on EXC043 during active shift.,False
SE0309,2026-09-05 15:49:47,DUM029,OP076,Excessive Idling,MEDIUM,43.5,Safety rule triggered: Excessive Idling recorded on DUM029 during active shift.,False
SE0310,2026-09-22 22:44:47,DUM017,OP059,Overheating,MEDIUM,76.6,Safety rule triggered: Overheating recorded on DUM017 during active shift.,False
SE0311,2026-08-31 14:45:47,EXC007,OP059,High Vibration,HIGH,78.1,Safety rule triggered: High Vibration recorded on EXC007 during active shift.,False
SE0312,2026-09-22 09:46:47,GRA028,OP075,Seatbelt Violation,HIGH,67.2,Safety rule triggered: Seatbelt Violation recorded on GRA028 during active shift.,True
SE0313,2026-08-25 09:52:47,GRA040,OP057,High Fatigue,HIGH,63.2,Safety rule triggered: High Fatigue recorded on GRA040 during active shift.,False
SE0314,2026-09-16 18:48:47,WHE002,OP098,Seatbelt Violation,HIGH,63.3,Safety rule triggered: Seatbelt Violation recorded on WHE002 during active shift.,True
SE0315,2026-09-20 01:11:47,GRA046,OP058,High Fatigue,HIGH,58.0,Safety rule triggered: High Fatigue recorded on GRA046 during active shift.,True
SE0316,2026-09-09 21:55:47,EXC031,OP046,Excessive Idling,MEDIUM,46.1,Safety rule triggered: Excessive Idling recorded on EXC031 during active shift.,True
SE0317,2026-09-03 01:07:47,DOZ021,OP001,High Vibration,HIGH,64.8,Safety rule triggered: High Vibration recorded on DOZ021 during active shift.,False
SE0318,2026-09-06 22:15:47,DUM035,OP094,Seatbelt Violation,HIGH,72.4,Safety rule triggered: Seatbelt Violation recorded on DUM035 during active shift.,True
SE0319,2026-09-10 19:54:47,WHE044,OP013,Seatbelt Violation,HIGH,66.6,Safety rule triggered: Seatbelt Violation recorded on WHE044 during active shift.,False
SE0320,2026-09-04 13:22:47,EXC019,OP034,High Vibration,HIGH,70.9,Safety rule triggered: High Vibration recorded on EXC019 during active shift.,True
SE0321,2026-09-01 05:36:47,WHE014,OP037,Proximity Hazard,CRITICAL,86.5,Safety rule triggered: Proximity Hazard recorded on WHE014 during active shift.,True
SE0322,2026-09-09 17:02:47,GRA040,OP082,High Fatigue,HIGH,61.6,Safety rule triggered: High Fatigue recorded on GRA040 during active shift.,True
SE0323,2026-08-26 03:11:47,DOZ021,OP003,Overheating,HIGH,76.9,Safety rule triggered: Overheating recorded on DOZ021 during active shift.,False
SE0324,2026-09-03 01:14:47,EXC049,OP003,High Fatigue,MEDIUM,63.4,Safety rule triggered: High Fatigue recorded on EXC049 during active shift.,False
SE0325,2026-09-05 04:51:47,DOZ027,OP091,Excessive Idling,MEDIUM,47.7,Safety rule triggered: Excessive Idling recorded on DOZ027 during active shift.,True
SE0326,2026-09-22 08:03:47,GRA022,OP040,Excessive Idling,MEDIUM,43.4,Safety rule triggered: Excessive Idling recorded on GRA022 during active shift.,True
SE0327,2026-08-26 06:36:47,COM048,OP034,High Vibration,HIGH,64.8,Safety rule triggered: High Vibration recorded on COM048 during active shift.,True
SE0328,2026-09-07 18:21:47,GRA028,OP010,Overheating,HIGH,76.2,Safety rule triggered: Overheating recorded on GRA028 during active shift.,True
SE0329,2026-08-28 21:28:47,DUM011,OP043,Overheating,HIGH,79.6,Safety rule triggered: Overheating recorded on DUM011 during active shift.,False
SE0330,2026-08-27 08:14:47,WHE020,OP005,Seatbelt Violation,HIGH,71.9,Safety rule triggered: Seatbelt Violation recorded on WHE020 during active shift.,True
SE0331,2026-08-27 04:28:47,GRA004,OP088,High Fatigue,HIGH,59.2,Safety rule triggered: High Fatigue recorded on GRA004 during active shift.,True
SE0332,2026-09-07 22:04:47,DOZ021,OP091,Overheating,HIGH,76.7,Safety rule triggered: Overheating recorded on DOZ021 during active shift.,True
SE0333,2026-09-11 02:24:47,COM012,OP097,High Vibration,HIGH,78.7,Safety rule triggered: High Vibration recorded on COM012 during active shift.,False
SE0334,2026-09-10 04:10:47,DUM005,OP081,Overheating,HIGH,81.0,Safety rule triggered: Overheating recorded on DUM005 during active shift.,True
SE0335,2026-09-05 04:20:47,COM042,OP037,Overheating,HIGH,75.6,Safety rule triggered: Overheating recorded on COM042 during active shift.,True
SE0336,2026-08-27 10:54:47,DOZ027,OP072,High Vibration,MEDIUM,67.2,Safety rule triggered: High Vibration recorded on DOZ027 during active shift.,False
SE0337,2026-09-12 19:12:47,EXC025,OP026,High Vibration,HIGH,72.3,Safety rule triggered: High Vibration recorded on EXC025 during active shift.,True
SE0338,2026-08-31 09:47:47,DOZ015,OP003,High Fatigue,HIGH,59.4,Safety rule triggered: High Fatigue recorded on DOZ015 during active shift.,True
SE0339,2026-08-27 07:51:47,WHE050,OP011,Seatbelt Violation,HIGH,66.5,Safety rule triggered: Seatbelt Violation recorded on WHE050 during active shift.,True
SE0340,2026-09-10 16:09:47,COM036,OP074,Excessive Idling,MEDIUM,43.8,Safety rule triggered: Excessive Idling recorded on COM036 during active shift.,True
SE0341,2026-09-03 05:34:47,COM006,OP079,High Fatigue,HIGH,74.4,Safety rule triggered: High Fatigue recorded on COM006 during active shift.,True
SE0342,2026-09-02 19:29:47,EXC049,OP038,Seatbelt Violation,MEDIUM,67.1,Safety rule triggered: Seatbelt Violation recorded on EXC049 during active shift.,False
SE0343,2026-09-07 20:59:47,GRA010,OP091,High Fatigue,HIGH,66.2,Safety rule triggered: High Fatigue recorded on GRA010 during active shift.,False
SE0344,2026-08-29 20:28:47,GRA034,OP049,High Fatigue,MEDIUM,63.8,Safety rule triggered: High Fatigue recorded on GRA034 during active shift.,True
SE0345,2026-09-12 22:31:47,WHE014,OP050,Seatbelt Violation,HIGH,70.7,Safety rule triggered: Seatbelt Violation recorded on WHE014 during active shift.,True
SE0346,2026-08-30 22:15:47,GRA004,OP025,Proximity Hazard,CRITICAL,86.6,Safety rule triggered: Proximity Hazard recorded on GRA004 during active shift.,False
SE0347,2026-09-02 03:04:47,DUM017,OP039,Proximity Hazard,CRITICAL,83.1,Safety rule triggered: Proximity Hazard recorded on DUM017 during active shift.,True
SE0348,2026-09-14 22:55:47,DUM041,OP077,Proximity Hazard,MEDIUM,87.9,Safety rule triggered: Proximity Hazard recorded on DUM041 during active shift.,True
SE0349,2026-09-11 04:20:47,WHE050,OP077,Overheating,HIGH,72.5,Safety rule triggered: Overheating recorded on WHE050 during active shift.,True
SE0350,2026-09-20 13:40:47,EXC007,OP069,Proximity Hazard,CRITICAL,82.9,Safety rule triggered: Proximity Hazard recorded on EXC007 during active shift.,True
SE0351,2026-09-11 21:40:47,EXC013,OP029,Proximity Hazard,CRITICAL,86.7,Safety rule triggered: Proximity Hazard recorded on EXC013 during active shift.,False
SE0352,2026-09-08 11:03:47,DOZ027,OP012,High Vibration,HIGH,63.0,Safety rule triggered: High Vibration recorded on DOZ027 during active shift.,True
SE0353,2026-08-25 21:26:47,DOZ015,OP016,Excessive Idling,MEDIUM,37.5,Safety rule triggered: Excessive Idling recorded on DOZ015 during active shift.,False
SE0354,2026-09-08 20:55:47,COM018,OP046,High Fatigue,HIGH,75.7,Safety rule triggered: High Fatigue recorded on COM018 during active shift.,True
SE0355,2026-09-10 08:02:47,COM012,OP087,Excessive Idling,MEDIUM,48.4,Safety rule triggered: Excessive Idling recorded on COM012 during active shift.,True
SE0356,2026-09-08 18:18:47,GRA016,OP051,Excessive Idling,MEDIUM,44.8,Safety rule triggered: Excessive Idling recorded on GRA016 during active shift.,False
SE0357,2026-09-06 15:43:47,DOZ045,OP006,High Fatigue,HIGH,68.1,Safety rule triggered: High Fatigue recorded on DOZ045 during active shift.,True
SE0358,2026-08-27 19:45:47,DOZ039,OP063,Overheating,HIGH,63.3,Safety rule triggered: Overheating recorded on DOZ039 during active shift.,True
SE0359,2026-08-26 23:54:47,WHE032,OP099,High Fatigue,HIGH,58.6,Safety rule triggered: High Fatigue recorded on WHE032 during active shift.,True
SE0360,2026-09-13 14:29:47,COM018,OP088,Overheating,HIGH,71.3,Safety rule triggered: Overheating recorded on COM018 during active shift.,True
SE0361,2026-09-01 01:16:47,EXC019,OP065,Proximity Hazard,CRITICAL,85.1,Safety rule triggered: Proximity Hazard recorded on EXC019 during active shift.,True
SE0362,2026-08-27 06:11:47,WHE038,OP046,Proximity Hazard,CRITICAL,88.5,Safety rule triggered: Proximity Hazard recorded on WHE038 during active shift.,True
SE0363,2026-08-29 04:01:47,COM048,OP059,Excessive Idling,MEDIUM,38.4,Safety rule triggered: Excessive Idling recorded on COM048 during active shift.,True
SE0364,2026-09-07 23:23:47,EXC049,OP031,Seatbelt Violation,HIGH,73.0,Safety rule triggered: Seatbelt Violation recorded on EXC049 during active shift.,False
SE0365,2026-09-08 03:04:47,DOZ027,OP072,Excessive Idling,MEDIUM,38.7,Safety rule triggered: Excessive Idling recorded on DOZ027 during active shift.,True
SE0366,2026-09-22 20:17:47,DUM017,OP020,Seatbelt Violation,HIGH,75.6,Safety rule triggered: Seatbelt Violation recorded on DUM017 during active shift.,True
SE0367,2026-09-21 02:09:47,COM030,OP046,Excessive Idling,MEDIUM,43.9,Safety rule triggered: Excessive Idling recorded on COM030 during active shift.,False
SE0368,2026-09-17 02:30:47,DUM029,OP045,Overheating,HIGH,75.8,Safety rule triggered: Overheating recorded on DUM029 during active shift.,False
SE0369,2026-08-29 20:36:47,DUM005,OP041,Seatbelt Violation,HIGH,69.6,Safety rule triggered: Seatbelt Violation recorded on DUM005 during active shift.,True
SE0370,2026-09-17 10:39:47,COM042,OP100,Proximity Hazard,CRITICAL,83.0,Safety rule triggered: Proximity Hazard recorded on COM042 during active shift.,True
SE0371,2026-08-29 11:34:47,WHE038,OP008,Overheating,HIGH,78.5,Safety rule triggered: Overheating recorded on WHE038 during active shift.,False
SE0372,2026-09-05 03:12:47,GRA046,OP006,High Vibration,HIGH,69.8,Safety rule triggered: High Vibration recorded on GRA046 during active shift.,False
SE0373,2026-09-11 23:05:47,DOZ003,OP053,High Vibration,HIGH,80.3,Safety rule triggered: High Vibration recorded on DOZ003 during active shift.,False
SE0374,2026-09-19 04:25:47,DUM047,OP065,High Fatigue,HIGH,66.0,Safety rule triggered: High Fatigue recorded on DUM047 during active shift.,True
SE0375,2026-09-15 00:57:47,EXC019,OP093,High Vibration,HIGH,75.3,Safety rule triggered: High Vibration recorded on EXC019 during active shift.,True
SE0376,2026-09-02 14:15:47,GRA034,OP043,Proximity Hazard,CRITICAL,68.1,Safety rule triggered: Proximity Hazard recorded on GRA034 during active shift.,True
SE0377,2026-09-13 06:31:47,COM024,OP032,Excessive Idling,MEDIUM,50.8,Safety rule triggered: Excessive Idling recorded on COM024 during active shift.,False
SE0378,2026-08-23 22:38:47,WHE044,OP017,Proximity Hazard,MEDIUM,79.8,Safety rule triggered: Proximity Hazard recorded on WHE044 during active shift.,True
SE0379,2026-09-01 13:46:47,DOZ003,OP081,Excessive Idling,MEDIUM,44.0,Safety rule triggered: Excessive Idling recorded on DOZ003 during active shift.,True
SE0380,2026-09-09 11:41:47,DOZ003,OP034,Seatbelt Violation,MEDIUM,75.0,Safety rule triggered: Seatbelt Violation recorded on DOZ003 during active shift.,True
SE0381,2026-09-21 10:38:47,COM048,OP011,Overheating,HIGH,84.8,Safety rule triggered: Overheating recorded on COM048 during active shift.,True
SE0382,2026-09-04 13:57:47,GRA016,OP040,High Vibration,HIGH,77.0,Safety rule triggered: High Vibration recorded on GRA016 during active shift.,False
SE0383,2026-09-20 16:12:47,DOZ027,OP010,High Fatigue,MEDIUM,68.2,Safety rule triggered: High Fatigue recorded on DOZ027 during active shift.,True
SE0384,2026-09-06 17:18:47,EXC049,OP077,High Vibration,HIGH,69.2,Safety rule triggered: High Vibration recorded on EXC049 during active shift.,True
SE0385,2026-08-28 01:57:47,COM048,OP052,Overheating,HIGH,72.9,Safety rule triggered: Overheating recorded on COM048 during active shift.,True
SE0386,2026-09-19 13:22:47,COM006,OP071,Seatbelt Violation,HIGH,67.8,Safety rule triggered: Seatbelt Violation recorded on COM006 during active shift.,True
SE0387,2026-08-30 21:23:47,DOZ033,OP028,High Fatigue,HIGH,59.2,Safety rule triggered: High Fatigue recorded on DOZ033 during active shift.,True
SE0388,2026-09-21 02:02:47,WHE026,OP055,High Fatigue,MEDIUM,60.1,Safety rule triggered: High Fatigue recorded on WHE026 during active shift.,False
SE0389,2026-09-08 22:10:47,WHE020,OP061,High Vibration,HIGH,67.0,Safety rule triggered: High Vibration recorded on WHE020 during active shift.,True
SE0390,2026-08-29 14:34:47,DOZ033,OP083,Seatbelt Violation,HIGH,75.3,Safety rule triggered: Seatbelt Violation recorded on DOZ033 during active shift.,True
SE0391,2026-09-02 12:40:47,DOZ033,OP063,Excessive Idling,MEDIUM,43.8,Safety rule triggered: Excessive Idling recorded on DOZ033 during active shift.,False
SE0392,2026-08-30 16:45:47,DUM047,OP060,High Fatigue,HIGH,62.0,Safety rule triggered: High Fatigue recorded on DUM047 during active shift.,False
SE0393,2026-09-02 23:35:47,WHE026,OP086,Excessive Idling,MEDIUM,43.0,Safety rule triggered: Excessive Idling recorded on WHE026 during active shift.,True
SE0394,2026-09-04 12:08:47,GRA010,OP091,Overheating,HIGH,71.1,Safety rule triggered: Overheating recorded on GRA010 during active shift.,True
SE0395,2026-09-19 00:05:47,COM024,OP092,High Vibration,HIGH,66.8,Safety rule triggered: High Vibration recorded on COM024 during active shift.,False
SE0396,2026-09-04 23:53:47,GRA022,OP077,Excessive Idling,MEDIUM,35.9,Safety rule triggered: Excessive Idling recorded on GRA022 during active shift.,True
SE0397,2026-09-04 10:22:47,GRA034,OP083,Seatbelt Violation,HIGH,74.9,Safety rule triggered: Seatbelt Violation recorded on GRA034 during active shift.,False
SE0398,2026-09-01 04:44:47,GRA046,OP022,High Fatigue,HIGH,67.2,Safety rule triggered: High Fatigue recorded on GRA046 during active shift.,True
SE0399,2026-08-31 06:31:47,DOZ015,OP001,High Vibration,HIGH,72.0,Safety rule triggered: High Vibration recorded on DOZ015 during active shift.,True
SE0400,2026-09-07 22:15:47,GRA046,OP024,Overheating,HIGH,74.7,Safety rule triggered: Overheating recorded on GRA046 during active shift.,True
SE0401,2026-09-14 20:15:47,WHE002,OP041,High Fatigue,HIGH,60.4,Safety rule triggered: High Fatigue recorded on WHE002 during active shift.,True
SE0402,2026-09-05 22:16:47,GRA016,OP080,High Vibration,MEDIUM,66.6,Safety rule triggered: High Vibration recorded on GRA016 during active shift.,False
SE0403,2026-09-15 10:48:47,GRA010,OP009,Proximity Hazard,CRITICAL,83.2,Safety rule triggered: Proximity Hazard recorded on GRA010 during active shift.,True
SE0404,2026-08-26 09:40:47,DUM005,OP028,High Fatigue,HIGH,58.4,Safety rule triggered: High Fatigue recorded on DUM005 during active shift.,True
SE0405,2026-09-22 02:09:47,EXC025,OP049,Overheating,HIGH,76.8,Safety rule triggered: Overheating recorded on EXC025 during active shift.,True
SE0406,2026-08-27 04:22:47,WHE020,OP058,Excessive Idling,MEDIUM,42.3,Safety rule triggered: Excessive Idling recorded on WHE020 during active shift.,True
SE0407,2026-08-28 09:36:47,COM036,OP076,Proximity Hazard,CRITICAL,82.5,Safety rule triggered: Proximity Hazard recorded on COM036 during active shift.,False
SE0408,2026-08-30 19:36:47,COM030,OP094,High Fatigue,HIGH,61.6,Safety rule triggered: High Fatigue recorded on COM030 during active shift.,False
SE0409,2026-09-09 02:28:47,DUM011,OP034,High Fatigue,HIGH,58.0,Safety rule triggered: High Fatigue recorded on DUM011 during active shift.,True
SE0410,2026-09-17 01:30:47,DOZ009,OP001,High Fatigue,HIGH,72.6,Safety rule triggered: High Fatigue recorded on DOZ009 during active shift.,True
SE0411,2026-09-20 12:06:47,DUM017,OP037,Overheating,HIGH,78.1,Safety rule triggered: Overheating recorded on DUM017 during active shift.,True
SE0412,2026-08-25 04:58:47,WHE044,OP022,High Vibration,MEDIUM,73.1,Safety rule triggered: High Vibration recorded on WHE044 during active shift.,False
SE0413,2026-09-16 00:29:47,EXC031,OP083,Overheating,HIGH,64.1,Safety rule triggered: Overheating recorded on EXC031 during active shift.,True
SE0414,2026-09-01 12:48:47,DUM035,OP096,Seatbelt Violation,HIGH,77.2,Safety rule triggered: Seatbelt Violation recorded on DUM035 during active shift.,True
SE0415,2026-08-24 19:43:47,DOZ027,OP040,Excessive Idling,MEDIUM,41.6,Safety rule triggered: Excessive Idling recorded on DOZ027 during active shift.,True
SE0416,2026-09-17 09:36:47,WHE020,OP013,Excessive Idling,MEDIUM,46.4,Safety rule triggered: Excessive Idling recorded on WHE020 during active shift.,True
SE0417,2026-09-06 13:40:47,COM024,OP010,Proximity Hazard,CRITICAL,89.2,Safety rule triggered: Proximity Hazard recorded on COM024 during active shift.,True
SE0418,2026-09-11 19:08:47,EXC001,OP019,Proximity Hazard,CRITICAL,80.0,Safety rule triggered: Proximity Hazard recorded on EXC001 during active shift.,True
SE0419,2026-08-25 22:24:47,EXC013,OP035,High Fatigue,MEDIUM,68.1,Safety rule triggered: High Fatigue recorded on EXC013 during active shift.,True
SE0420,2026-09-12 05:30:47,DUM035,OP011,High Fatigue,MEDIUM,57.9,Safety rule triggered: High Fatigue recorded on DUM035 during active shift.,True
SE0421,2026-09-06 00:14:47,GRA034,OP100,Overheating,HIGH,80.3,Safety rule triggered: Overheating recorded on GRA034 during active shift.,False
SE0422,2026-09-19 19:59:47,DUM011,OP089,High Vibration,MEDIUM,71.5,Safety rule triggered: High Vibration recorded on DUM011 during active shift.,True
SE0423,2026-09-12 15:25:47,DOZ039,OP042,Overheating,HIGH,73.2,Safety rule triggered: Overheating recorded on DOZ039 during active shift.,True
SE0424,2026-09-07 02:19:47,GRA004,OP074,Overheating,HIGH,73.6,Safety rule triggered: Overheating recorded on GRA004 during active shift.,False
SE0425,2026-08-25 06:51:47,WHE044,OP010,High Vibration,HIGH,71.9,Safety rule triggered: High Vibration recorded on WHE044 during active shift.,False
SE0426,2026-09-11 18:58:47,EXC025,OP043,Overheating,HIGH,74.6,Safety rule triggered: Overheating recorded on EXC025 during active shift.,False
SE0427,2026-09-11 15:29:47,EXC025,OP059,Seatbelt Violation,HIGH,73.5,Safety rule triggered: Seatbelt Violation recorded on EXC025 during active shift.,True
SE0428,2026-09-17 09:22:47,WHE014,OP069,Proximity Hazard,CRITICAL,85.7,Safety rule triggered: Proximity Hazard recorded on WHE014 during active shift.,False
SE0429,2026-09-05 17:09:47,DOZ015,OP040,Overheating,HIGH,74.9,Safety rule triggered: Overheating recorded on DOZ015 during active shift.,True
SE0430,2026-08-30 11:16:47,COM036,OP092,Seatbelt Violation,HIGH,71.1,Safety rule triggered: Seatbelt Violation recorded on COM036 during active shift.,False
SE0431,2026-08-23 18:29:47,GRA004,OP026,High Vibration,HIGH,73.9,Safety rule triggered: High Vibration recorded on GRA004 during active shift.,True
SE0432,2026-09-17 03:50:47,DUM017,OP050,Seatbelt Violation,HIGH,72.6,Safety rule triggered: Seatbelt Violation recorded on DUM017 during active shift.,False
SE0433,2026-08-28 06:46:47,GRA046,OP078,Proximity Hazard,CRITICAL,86.5,Safety rule triggered: Proximity Hazard recorded on GRA046 during active shift.,False
SE0434,2026-08-31 15:55:47,DUM011,OP014,High Fatigue,HIGH,75.2,Safety rule triggered: High Fatigue recorded on DUM011 during active shift.,True
SE0435,2026-08-31 04:25:47,EXC037,OP060,High Fatigue,HIGH,72.4,Safety rule triggered: High Fatigue recorded on EXC037 during active shift.,True
SE0436,2026-08-25 09:12:47,WHE038,OP095,Seatbelt Violation,HIGH,67.7,Safety rule triggered: Seatbelt Violation recorded on WHE038 during active shift.,False
SE0437,2026-09-13 07:24:47,DUM005,OP066,Proximity Hazard,CRITICAL,80.9,Safety rule triggered: Proximity Hazard recorded on DUM005 during active shift.,True
SE0438,2026-09-21 09:42:47,EXC013,OP038,Excessive Idling,MEDIUM,41.9,Safety rule triggered: Excessive Idling recorded on EXC013 during active shift.,True
SE0439,2026-09-21 05:58:47,DUM047,OP052,High Fatigue,HIGH,47.4,Safety rule triggered: High Fatigue recorded on DUM047 during active shift.,True
SE0440,2026-08-25 14:47:47,COM006,OP043,Proximity Hazard,MEDIUM,80.6,Safety rule triggered: Proximity Hazard recorded on COM006 during active shift.,True
SE0441,2026-08-27 10:50:47,COM024,OP026,High Fatigue,HIGH,66.1,Safety rule triggered: High Fatigue recorded on COM024 during active shift.,True
SE0442,2026-09-22 06:12:47,DOZ021,OP029,Seatbelt Violation,HIGH,66.5,Safety rule triggered: Seatbelt Violation recorded on DOZ021 during active shift.,True
SE0443,2026-09-22 21:19:47,WHE020,OP038,Seatbelt Violation,HIGH,76.1,Safety rule triggered: Seatbelt Violation recorded on WHE020 during active shift.,True
SE0444,2026-09-02 09:16:47,DUM035,OP012,Excessive Idling,MEDIUM,53.2,Safety rule triggered: Excessive Idling recorded on DUM035 during active shift.,True
SE0445,2026-09-10 00:22:47,GRA040,OP095,Seatbelt Violation,HIGH,69.9,Safety rule triggered: Seatbelt Violation recorded on GRA040 during active shift.,True
SE0446,2026-09-02 02:00:47,COM036,OP039,Overheating,HIGH,73.1,Safety rule triggered: Overheating recorded on COM036 during active shift.,True
SE0447,2026-08-30 21:55:47,COM030,OP053,High Fatigue,HIGH,78.3,Safety rule triggered: High Fatigue recorded on COM030 during active shift.,False
SE0448,2026-09-13 02:19:47,COM048,OP040,Proximity Hazard,CRITICAL,83.4,Safety rule triggered: Proximity Hazard recorded on COM048 during active shift.,False
SE0449,2026-09-17 16:17:47,COM036,OP095,Seatbelt Violation,HIGH,69.6,Safety rule triggered: Seatbelt Violation recorded on COM036 during active shift.,True
SE0450,2026-09-09 15:43:47,EXC007,OP019,Overheating,HIGH,71.1,Safety rule triggered: Overheating recorded on EXC007 during active shift.,False
SE0451,2026-09-19 10:48:47,COM018,OP044,Overheating,HIGH,82.0,Safety rule triggered: Overheating recorded on COM018 during active shift.,True
SE0452,2026-09-20 15:35:47,WHE020,OP088,Excessive Idling,MEDIUM,42.8,Safety rule triggered: Excessive Idling recorded on WHE020 during active shift.,False
SE0453,2026-09-10 09:06:47,EXC007,OP003,High Vibration,HIGH,78.7,Safety rule triggered: High Vibration recorded on EXC007 during active shift.,False
SE0454,2026-09-02 23:41:47,COM048,OP049,High Vibration,HIGH,76.4,Safety rule triggered: High Vibration recorded on COM048 during active shift.,True
SE0455,2026-09-23 10:40:47,GRA040,OP012,High Vibration,HIGH,80.8,Safety rule triggered: High Vibration recorded on GRA040 during active shift.,True
SE0456,2026-09-03 08:09:47,DUM047,OP068,High Vibration,HIGH,68.0,Safety rule triggered: High Vibration recorded on DUM047 during active shift.,True
SE0457,2026-09-19 08:28:47,EXC043,OP033,Proximity Hazard,CRITICAL,83.3,Safety rule triggered: Proximity Hazard recorded on EXC043 during active shift.,True
SE0458,2026-09-09 19:29:47,DUM035,OP019,Excessive Idling,MEDIUM,44.2,Safety rule triggered: Excessive Idling recorded on DUM035 during active shift.,False
SE0459,2026-09-20 15:04:47,GRA010,OP088,Proximity Hazard,CRITICAL,80.5,Safety rule triggered: Proximity Hazard recorded on GRA010 during active shift.,True
SE0460,2026-09-11 06:51:47,DUM023,OP082,Excessive Idling,MEDIUM,45.1,Safety rule triggered: Excessive Idling recorded on DUM023 during active shift.,False
SE0461,2026-09-04 23:39:47,EXC025,OP080,High Vibration,HIGH,73.4,Safety rule triggered: High Vibration recorded on EXC025 during active shift.,True
SE0462,2026-09-16 15:07:47,WHE002,OP068,Proximity Hazard,CRITICAL,89.6,Safety rule triggered: Proximity Hazard recorded on WHE002 during active shift.,False
SE0463,2026-08-29 09:44:47,WHE032,OP074,High Fatigue,HIGH,65.7,Safety rule triggered: High Fatigue recorded on WHE032 during active shift.,False
SE0464,2026-09-11 17:16:47,EXC001,OP002,High Vibration,HIGH,66.4,Safety rule triggered: High Vibration recorded on EXC001 during active shift.,True
SE0465,2026-08-28 15:02:47,DOZ009,OP085,Proximity Hazard,CRITICAL,88.9,Safety rule triggered: Proximity Hazard recorded on DOZ009 during active shift.,True
SE0466,2026-09-08 08:15:47,DUM041,OP046,High Vibration,HIGH,73.7,Safety rule triggered: High Vibration recorded on DUM041 during active shift.,False
SE0467,2026-09-09 11:00:47,COM036,OP081,Proximity Hazard,CRITICAL,83.2,Safety rule triggered: Proximity Hazard recorded on COM036 during active shift.,True
SE0468,2026-09-19 11:38:47,EXC013,OP021,High Vibration,HIGH,76.3,Safety rule triggered: High Vibration recorded on EXC013 during active shift.,True
SE0469,2026-09-09 03:33:47,COM042,OP085,Seatbelt Violation,HIGH,71.5,Safety rule triggered: Seatbelt Violation recorded on COM042 during active shift.,True
SE0470,2026-09-08 08:17:47,GRA022,OP079,Overheating,HIGH,77.5,Safety rule triggered: Overheating recorded on GRA022 during active shift.,True
SE0471,2026-09-09 08:30:47,EXC013,OP072,High Fatigue,MEDIUM,62.9,Safety rule triggered: High Fatigue recorded on EXC013 during active shift.,True
SE0472,2026-09-21 02:36:47,GRA040,OP045,Proximity Hazard,MEDIUM,90.6,Safety rule triggered: Proximity Hazard recorded on GRA040 during active shift.,True
SE0473,2026-08-29 11:09:47,COM012,OP092,High Fatigue,HIGH,64.5,Safety rule triggered: High Fatigue recorded on COM012 during active shift.,True
SE0474,2026-08-25 14:45:47,WHE044,OP066,High Fatigue,HIGH,62.4,Safety rule triggered: High Fatigue recorded on WHE044 during active shift.,True
SE0475,2026-08-24 15:07:47,GRA046,OP019,Seatbelt Violation,HIGH,72.0,Safety rule triggered: Seatbelt Violation recorded on GRA046 during active shift.,False
SE0476,2026-08-28 23:42:47,WHE026,OP003,Overheating,HIGH,73.4,Safety rule triggered: Overheating recorded on WHE026 during active shift.,False
SE0477,2026-09-23 06:45:47,EXC019,OP071,Seatbelt Violation,HIGH,71.0,Safety rule triggered: Seatbelt Violation recorded on EXC019 during active shift.,False
SE0478,2026-09-10 00:26:47,DUM017,OP002,Proximity Hazard,CRITICAL,81.7,Safety rule triggered: Proximity Hazard recorded on DUM017 during active shift.,False
SE0479,2026-09-08 23:03:47,EXC031,OP034,High Fatigue,HIGH,66.4,Safety rule triggered: High Fatigue recorded on EXC031 during active shift.,False
SE0480,2026-09-21 16:54:47,DOZ039,OP044,High Vibration,HIGH,79.4,Safety rule triggered: High Vibration recorded on DOZ039 during active shift.,True
SE0481,2026-09-02 19:31:47,DUM017,OP011,Seatbelt Violation,MEDIUM,72.4,Safety rule triggered: Seatbelt Violation recorded on DUM017 during active shift.,False
SE0482,2026-09-12 21:48:47,WHE038,OP065,High Vibration,HIGH,71.7,Safety rule triggered: High Vibration recorded on WHE038 during active shift.,True
SE0483,2026-09-17 11:28:47,DOZ045,OP034,Excessive Idling,MEDIUM,48.9,Safety rule triggered: Excessive Idling recorded on DOZ045 during active shift.,True
SE0484,2026-09-03 00:35:47,EXC025,OP043,Seatbelt Violation,HIGH,77.7,Safety rule triggered: Seatbelt Violation recorded on EXC025 during active shift.,True
SE0485,2026-09-06 17:36:47,DOZ009,OP029,Excessive Idling,MEDIUM,52.1,Safety rule triggered: Excessive Idling recorded on DOZ009 during active shift.,True
SE0486,2026-08-24 19:15:47,GRA034,OP066,Excessive Idling,MEDIUM,37.0,Safety rule triggered: Excessive Idling recorded on GRA034 during active shift.,False
SE0487,2026-09-11 22:09:47,DUM047,OP049,Excessive Idling,MEDIUM,42.0,Safety rule triggered: Excessive Idling recorded on DUM047 during active shift.,True
SE0488,2026-08-28 04:34:47,GRA040,OP080,High Vibration,HIGH,72.6,Safety rule triggered: High Vibration recorded on GRA040 during active shift.,True
SE0489,2026-09-02 10:53:47,WHE014,OP050,Seatbelt Violation,HIGH,70.2,Safety rule triggered: Seatbelt Violation recorded on WHE014 during active shift.,False
SE0490,2026-08-26 07:58:47,COM042,OP017,Excessive Idling,MEDIUM,39.8,Safety rule triggered: Excessive Idling recorded on COM042 during active shift.,True
SE0491,2026-09-20 06:04:47,WHE002,OP012,Overheating,HIGH,69.0,Safety rule triggered: Overheating recorded on WHE002 during active shift.,True
SE0492,2026-08-25 03:08:47,EXC025,OP002,Overheating,HIGH,70.8,Safety rule triggered: Overheating recorded on EXC025 during active shift.,True
SE0493,2026-09-01 21:25:47,WHE038,OP036,Excessive Idling,MEDIUM,42.4,Safety rule triggered: Excessive Idling recorded on WHE038 during active shift.,True
SE0494,2026-09-04 12:09:47,EXC049,OP074,Seatbelt Violation,HIGH,70.7,Safety rule triggered: Seatbelt Violation recorded on EXC049 during active shift.,True
SE0495,2026-09-17 01:26:47,DOZ033,OP003,Proximity Hazard,CRITICAL,86.8,Safety rule triggered: Proximity Hazard recorded on DOZ033 during active shift.,True
SE0496,2026-08-31 03:55:47,EXC049,OP093,Seatbelt Violation,HIGH,59.3,Safety rule triggered: Seatbelt Violation recorded on EXC049 during active shift.,True
SE0497,2026-09-13 04:17:47,WHE038,OP098,Overheating,HIGH,73.5,Safety rule triggered: Overheating recorded on WHE038 during active shift.,True
SE0498,2026-09-05 02:47:47,DUM011,OP092,Overheating,HIGH,65.6,Safety rule triggered: Overheating recorded on DUM011 during active shift.,True
SE0499,2026-09-01 08:31:47,DUM005,OP076,High Fatigue,HIGH,59.3,Safety rule triggered: High Fatigue recorded on DUM005 during active shift.,True
SE0500,2026-08-31 11:03:47,COM030,OP073,High Fatigue,HIGH,58.8,Safety rule triggered: High Fatigue recorded on COM030 during active shift.,True
